Date,Open,High,Low,Close,WAP,No. of Shares,No. of Trades,Total Turnover,Deliverable Quantity,% Deli. Qty to Traded Qty,Spread H-L,Spread C-O,stockname
2020-06-30,21.15,21.15,19.9,20.35,20.15,149882.0,526.0,3019585.0,129266.0,86.25,1.25,-0.8,BOM500012
2020-06-29,21.85,21.85,20.4,20.7,20.82,127529.0,420.0,2654650.0,108337.0,84.95,1.45,-1.15,BOM500012
2020-06-26,21.85,21.85,20.7,21.05,21.26,208857.0,438.0,4440015.0,180441.0,86.39,1.15,-0.8,BOM500012
2020-06-25,22.05,23.0,20.65,20.7,21.17,329470.0,1036.0,6976119.0,261823.0,79.47,2.35,-1.35,BOM500012
2020-06-24,23.45,24.0,22.45,22.9,23.38,76780.0,350.0,1795412.0,64413.0,83.89,1.55,-0.55,BOM500012
2020-06-23,23.0,23.95,22.8,22.9,23.08,170402.0,462.0,3932669.0,164622.0,96.61,1.15,-0.1,BOM500012
2020-06-22,23.25,23.25,23.25,23.25,23.25,190099.0,577.0,4419801.0,187793.0,98.79,0.0,0.0,BOM500012
2020-06-19,25.65,27.1,25.4,25.8,26.39,109069.0,442.0,2878499.0,84252.0,77.25,1.7,0.15,BOM500012
2020-06-18,24.8,25.95,23.4,25.65,24.74,167372.0,443.0,4140055.0,150049.0,89.65,2.55,0.85,BOM500012
2020-06-17,23.0,24.0,22.25,23.6,23.31,77807.0,183.0,1813553.0,68919.0,88.58,1.75,0.6,BOM500012
2020-06-16,25.35,25.35,22.05,22.75,23.13,85943.0,315.0,1988059.0,67704.0,78.78,3.3,-2.6,BOM500012
2020-06-15,24.0,24.45,22.25,23.1,23.26,84735.0,272.0,1971125.0,71619.0,84.52,2.2,-0.9,BOM500012
2020-06-12,23.05,24.6,22.6,24.0,23.9,51133.0,212.0,1222117.0,47275.0,92.45,2.0,0.95,BOM500012
2020-06-11,24.8,26.0,23.9,24.55,25.07,145479.0,305.0,3647129.0,125740.0,86.43,2.1,-0.25,BOM500012
2020-06-10,24.5,25.3,23.3,24.85,24.81,68316.0,218.0,1695022.0,61117.0,89.46,2.0,0.35,BOM500012
2020-06-09,23.05,24.5,23.05,23.8,23.76,55205.0,224.0,1311570.0,49203.0,89.13,1.45,0.75,BOM500012
2020-06-08,24.0,24.8,23.35,23.7,24.11,57518.0,266.0,1386823.0,45746.0,79.53,1.45,-0.3,BOM500012
2020-06-05,24.3,24.65,23.45,24.0,24.04,133701.0,275.0,3214645.0,113906.0,85.19,1.2,-0.3,BOM500012
2020-06-04,25.8,25.8,23.4,23.45,24.32,102586.0,371.0,2494835.0,71847.0,70.04,2.4,-2.35,BOM500012
2020-06-03,24.6,24.6,24.6,24.6,24.6,32380.0,76.0,796548.0,32380.0,100.0,0.0,0.0,BOM500012
2020-06-02,23.45,23.45,23.45,23.45,23.45,11048.0,64.0,259075.0,11048.0,100.0,0.0,0.0,BOM500012
2020-06-01,22.35,22.35,22.35,22.35,22.35,6941.0,44.0,155131.0,6941.0,100.0,0.0,0.0,BOM500012
2020-05-29,20.4,21.3,20.1,21.3,21.26,54324.0,160.0,1154993.0,52228.0,96.14,1.2,0.9,BOM500012
2020-05-28,20.05,20.6,19.75,20.3,20.19,26631.0,129.0,537727.0,20143.0,75.64,0.85,0.25,BOM500012
2020-05-27,20.9,20.9,19.75,20.0,20.02,25030.0,116.0,500991.0,22417.0,89.56,1.15,-0.9,BOM500012
2020-05-26,21.0,21.35,19.7,20.5,20.64,27315.0,125.0,563679.0,22360.0,81.86,1.65,-0.5,BOM500012
2020-05-22,20.75,21.15,19.75,20.4,20.07,12336.0,95.0,247549.0,11158.0,90.45,1.4,-0.35,BOM500012
2020-05-21,20.0,21.05,20.0,20.55,20.9,35832.0,123.0,748722.0,31751.0,88.61,1.05,0.55,BOM500012
2020-05-20,19.55,20.65,19.45,20.05,20.14,40445.0,152.0,814701.0,35410.0,87.55,1.2,0.5,BOM500012
2020-05-19,19.0,20.35,19.0,19.9,19.78,6147.0,73.0,121592.0,5936.0,96.57,1.35,0.9,BOM500012
2020-05-18,20.55,21.2,19.75,19.75,19.92,29279.0,179.0,583112.0,23575.0,80.52,1.45,-0.8,BOM500012
2020-05-15,21.45,21.45,20.4,20.75,20.64,44860.0,188.0,925774.0,34209.0,76.26,1.05,-0.7,BOM500012
2020-05-14,21.6,21.85,20.5,21.45,21.5,28458.0,130.0,611929.0,19824.0,69.66,1.35,-0.15,BOM500012
2020-05-13,21.0,21.5,20.35,20.85,20.86,57313.0,212.0,1195442.0,45946.0,80.17,1.15,-0.15,BOM500012
2020-05-12,21.35,21.4,20.35,20.75,20.59,29364.0,149.0,604511.0,18911.0,64.4,1.05,-0.6,BOM500012
2020-05-11,22.2,22.2,21.0,21.35,21.41,29373.0,194.0,628752.0,23329.0,79.42,1.2,-0.85,BOM500012
2020-05-08,21.25,21.6,20.8,21.2,21.12,25050.0,122.0,528942.0,23276.0,92.92,0.8,-0.05,BOM500012
2020-05-07,22.95,22.95,21.05,21.15,21.47,29878.0,197.0,641590.0,24355.0,81.51,1.9,-1.8,BOM500012
2020-05-06,22.6,22.6,21.75,22.15,22.17,18275.0,184.0,405173.0,15364.0,84.07,0.85,-0.45,BOM500012
2020-05-05,23.55,23.55,21.7,21.7,22.06,27804.0,274.0,613427.0,20092.0,72.26,1.85,-1.85,BOM500012
2020-05-04,23.25,23.55,22.8,22.8,22.9,31789.0,244.0,727814.0,25790.0,81.13,0.75,-0.45,BOM500012
2020-04-30,24.8,24.8,23.85,24.0,24.21,54283.0,234.0,1313997.0,42829.0,78.9,0.95,-0.8,BOM500012
2020-04-29,24.65,24.7,23.75,23.85,24.16,52769.0,265.0,1275081.0,40533.0,76.81,0.95,-0.8,BOM500012
2020-04-28,23.2,24.9,23.2,23.95,23.96,18759.0,130.0,449456.0,15541.0,82.85,1.7,0.75,BOM500012
2020-04-27,23.3,24.3,23.3,23.75,23.85,19980.0,155.0,476483.0,14960.0,74.87,1.0,0.45,BOM500012
2020-04-24,24.25,24.45,23.05,23.15,23.35,42091.0,224.0,982641.0,31316.0,74.4,1.4,-1.1,BOM500012
2020-04-23,24.05,24.9,23.8,24.25,24.4,64675.0,277.0,1577944.0,47285.0,73.11,1.1,0.2,BOM500012
2020-04-22,25.0,25.95,23.75,24.7,25.14,55908.0,268.0,1405527.0,44261.0,79.17,2.2,-0.3,BOM500012
2020-04-21,25.05,25.05,22.75,24.9,24.35,201994.0,578.0,4918359.0,155614.0,77.04,2.3,-0.15,BOM500012
2020-04-20,23.9,23.9,23.9,23.9,23.9,47568.0,94.0,1136875.0,47568.0,100.0,0.0,0.0,BOM500012
2020-04-17,22.8,22.8,22.8,22.8,22.8,18297.0,39.0,417171.0,18297.0,100.0,0.0,0.0,BOM500012
2020-04-16,21.7,21.75,21.7,21.75,21.73,12886.0,47.0,280068.0,12886.0,100.0,0.05,0.05,BOM500012
2020-04-15,19.85,20.75,19.8,20.75,20.71,61566.0,180.0,1275329.0,61566.0,100.0,0.95,0.9,BOM500012
2020-04-13,19.8,19.8,19.0,19.8,19.76,63292.0,146.0,1250723.0,63292.0,100.0,0.8,0.0,BOM500012
2020-04-09,18.9,18.9,18.05,18.9,18.9,32115.0,61.0,606836.0,32115.0,100.0,0.85,0.0,BOM500012
2020-04-08,18.75,19.1,17.5,18.0,17.96,68075.0,201.0,1222949.0,68075.0,100.0,1.6,-0.75,BOM500012
2020-04-07,17.8,18.25,17.65,18.2,18.01,51128.0,215.0,920964.0,51128.0,100.0,0.6,0.4,BOM500012
2020-04-03,17.0,17.75,16.3,17.4,17.24,28520.0,111.0,491686.0,28520.0,100.0,1.45,0.4,BOM500012
2020-04-01,16.95,17.25,16.0,17.05,16.88,14255.0,102.0,240658.0,14255.0,100.0,1.25,0.1,BOM500012
2020-03-31,16.45,16.45,15.8,16.45,16.38,23250.0,102.0,380852.0,23250.0,100.0,0.65,0.0,BOM500012
2020-03-30,15.45,16.15,14.7,15.7,15.37,22997.0,138.0,353532.0,22997.0,100.0,1.45,0.25,BOM500012
2020-03-27,16.7,16.7,15.2,15.45,15.8,82878.0,172.0,1309664.0,82878.0,100.0,1.5,-1.25,BOM500012
2020-03-26,15.1,16.5,15.1,15.95,16.29,53700.0,151.0,874914.0,53700.0,100.0,1.4,0.85,BOM500012
2020-03-25,15.05,16.25,15.05,15.75,15.35,13708.0,104.0,210362.0,13708.0,100.0,1.2,0.7,BOM500012
2020-03-24,15.1,16.6,15.1,15.8,15.43,17526.0,110.0,270417.0,17526.0,100.0,1.5,0.7,BOM500012
2020-03-23,15.85,17.45,15.85,15.85,15.93,17805.0,84.0,283578.0,17805.0,100.0,1.6,0.0,BOM500012
2020-03-20,17.95,18.0,16.55,16.65,16.83,77598.0,331.0,1305829.0,77598.0,100.0,1.45,-1.3,BOM500012
2020-03-19,18.3,18.3,17.4,17.4,17.42,20680.0,242.0,360185.0,20680.0,100.0,0.9,-0.9,BOM500012
2020-03-18,20.0,20.2,18.3,18.3,18.81,42501.0,283.0,799479.0,42501.0,100.0,1.9,-1.7,BOM500012
2020-03-17,21.05,21.05,19.25,19.25,19.38,40499.0,169.0,784866.0,40499.0,100.0,1.8,-1.8,BOM500012
2020-03-16,21.8,22.0,20.05,20.25,20.54,53651.0,190.0,1102130.0,53651.0,100.0,1.95,-1.55,BOM500012
2020-03-13,21.2,23.15,21.1,21.1,21.37,17108.0,115.0,365660.0,17108.0,100.0,2.05,-0.1,BOM500012
2020-03-12,22.8,22.8,22.2,22.2,22.24,6860.0,75.0,152533.0,6860.0,100.0,0.6,-0.6,BOM500012
2020-03-11,23.95,24.85,22.8,23.35,23.34,6997.0,92.0,163295.0,6997.0,100.0,2.05,-0.6,BOM500012
2020-03-09,25.0,25.0,23.45,23.95,23.54,15009.0,77.0,353339.0,15009.0,100.0,1.55,-1.05,BOM500012
2020-03-06,25.2,26.6,24.45,24.65,24.92,21299.0,107.0,530708.0,21299.0,100.0,2.15,-0.55,BOM500012
2020-03-05,26.0,26.7,25.2,25.7,25.64,15634.0,62.0,400857.0,15634.0,100.0,1.5,-0.3,BOM500012
2020-03-04,24.65,25.8,24.6,25.75,25.38,38668.0,120.0,981360.0,38668.0,100.0,1.2,1.1,BOM500012
2020-03-03,23.45,24.6,22.6,24.6,24.34,21320.0,84.0,518825.0,21320.0,100.0,2.0,1.15,BOM500012
2020-03-02,23.45,23.45,22.5,23.45,23.43,37651.0,80.0,882138.0,37651.0,100.0,0.95,0.0,BOM500012
2020-02-28,24.25,24.25,21.95,22.35,22.15,38457.0,245.0,851942.0,38457.0,100.0,2.3,-1.9,BOM500012
2020-02-27,25.05,25.05,22.8,23.1,23.11,33044.0,176.0,763702.0,33044.0,100.0,2.25,-1.95,BOM500012
2020-02-26,26.7,26.7,23.0,23.95,24.71,39387.0,215.0,973447.0,27693.0,70.31,3.7,-2.75,BOM500012
2020-02-25,25.05,25.9,25.0,25.3,25.27,19577.0,125.0,494719.0,13877.0,70.88,0.9,0.25,BOM500012
2020-02-24,27.75,27.75,25.1,25.4,25.6,26298.0,129.0,673282.0,23581.0,89.67,2.65,-2.35,BOM500012
2020-02-20,25.1,26.5,25.1,25.85,25.86,35738.0,169.0,924342.0,30053.0,84.09,1.4,0.75,BOM500012
2020-02-19,27.85,27.85,25.2,25.45,25.99,40237.0,251.0,1045577.0,33125.0,82.32,2.65,-2.4,BOM500012
2020-02-18,27.3,28.7,26.0,27.0,26.92,35503.0,181.0,955798.0,25933.0,73.04,2.7,-0.3,BOM500012
2020-02-17,28.6,29.45,26.9,27.25,27.89,51824.0,221.0,1445163.0,35114.0,67.76,2.55,-1.35,BOM500012
2020-02-14,29.0,29.65,28.15,28.75,28.76,27751.0,116.0,797990.0,21074.0,75.94,1.5,-0.25,BOM500012
2020-02-13,27.85,30.25,27.15,29.0,29.09,54825.0,244.0,1594897.0,40624.0,74.1,3.1,1.15,BOM500012
2020-02-12,29.7,29.7,27.6,27.85,28.16,49575.0,287.0,1396126.0,34635.0,69.86,2.1,-1.85,BOM500012
2020-02-11,29.6,30.5,28.8,29.15,29.31,22839.0,166.0,669392.0,17880.0,78.29,1.7,-0.45,BOM500012
2020-02-10,31.5,31.8,29.35,29.85,30.06,39122.0,189.0,1175974.0,30988.0,79.21,2.45,-1.65,BOM500012
2020-02-07,30.3,32.9,29.0,31.3,30.6,65511.0,296.0,2004653.0,33885.0,51.72,3.9,1.0,BOM500012
2020-02-06,29.0,30.4,28.75,30.1,29.9,17970.0,102.0,537279.0,14319.0,79.68,1.65,1.1,BOM500012
2020-02-05,30.1,30.7,29.0,29.65,29.38,31735.0,157.0,932437.0,21561.0,67.94,1.7,-0.45,BOM500012
2020-02-04,28.3,30.7,28.05,30.15,29.72,60117.0,276.0,1786780.0,39908.0,66.38,2.65,1.85,BOM500012
2020-02-03,31.0,31.75,27.15,28.75,29.48,114404.0,519.0,3372348.0,77469.0,67.72,4.6,-2.25,BOM500012
2020-02-01,35.15,35.75,30.6,31.75,33.01,68997.0,320.0,2277787.0,48722.0,70.61,5.15,-3.4,BOM500012
2020-01-31,33.85,35.7,33.85,34.4,34.65,21643.0,101.0,750008.0,19542.0,90.29,1.85,0.55,BOM500012
2020-01-30,36.0,36.0,33.55,34.35,34.25,36344.0,178.0,1244857.0,29820.0,82.05,2.45,-1.65,BOM500012
2020-01-29,35.5,36.25,34.25,35.0,35.32,25925.0,148.0,915779.0,22097.0,85.23,2.0,-0.5,BOM500012
2020-01-28,36.15,38.2,35.4,35.5,35.99,37502.0,195.0,1349780.0,33621.0,89.65,2.8,-0.65,BOM500012
2020-01-27,39.0,39.0,36.0,36.15,37.23,117327.0,474.0,4367799.0,96875.0,82.57,3.0,-2.85,BOM500012
2020-01-24,39.35,40.5,39.0,39.3,39.48,15775.0,113.0,622874.0,11922.0,75.58,1.5,-0.05,BOM500012
2020-01-23,39.9,40.5,39.3,40.25,39.99,10295.0,92.0,411646.0,9273.0,90.07,1.2,0.35,BOM500012
2020-01-22,40.1,40.35,39.1,39.45,39.49,14442.0,123.0,570320.0,10093.0,69.89,1.25,-0.65,BOM500012
2020-01-21,40.6,41.0,39.65,40.15,40.09,22627.0,115.0,907030.0,17058.0,75.39,1.35,-0.45,BOM500012
2020-01-20,41.3,43.0,39.55,40.65,40.62,48936.0,216.0,1987899.0,37715.0,77.07,3.45,-0.65,BOM500012
2020-01-17,41.3,44.45,40.5,41.7,41.72,51998.0,314.0,2169123.0,37589.0,72.29,3.95,0.4,BOM500012
2020-01-16,40.5,41.5,39.65,40.8,40.63,42511.0,198.0,1727060.0,34557.0,81.29,1.85,0.3,BOM500012
2020-01-15,39.9,41.2,38.5,40.95,40.35,81238.0,348.0,3277845.0,69058.0,85.01,2.7,1.05,BOM500012
2020-01-14,36.75,39.25,36.75,38.95,38.32,78171.0,348.0,2995381.0,61860.0,79.13,2.5,2.2,BOM500012
2020-01-13,36.85,37.25,36.45,36.6,36.76,31141.0,126.0,1144589.0,29108.0,93.47,0.8,-0.25,BOM500012
2020-01-10,37.25,37.5,36.1,36.45,36.81,36764.0,174.0,1353308.0,25041.0,68.11,1.4,-0.8,BOM500012
2020-01-09,37.95,37.95,36.0,37.15,37.05,41423.0,222.0,1534777.0,23268.0,56.17,1.95,-0.8,BOM500012
2020-01-08,36.9,37.45,36.05,36.3,36.6,20642.0,155.0,755449.0,16500.0,79.93,1.4,-0.6,BOM500012
2020-01-07,35.95,37.5,35.95,37.25,36.98,30078.0,156.0,1112351.0,22765.0,75.69,1.55,1.3,BOM500012
2020-01-06,37.0,38.25,34.9,35.65,36.46,34927.0,196.0,1273318.0,28157.0,80.62,3.35,-1.35,BOM500012
2020-01-03,38.0,38.55,37.05,37.45,37.8,53453.0,354.0,2020720.0,43709.0,81.77,1.5,-0.55,BOM500012
2020-01-02,35.95,38.0,34.1,37.9,36.94,84193.0,387.0,3110177.0,55484.0,65.9,3.9,1.95,BOM500012
2020-01-01,37.7,37.7,34.05,35.5,35.87,55916.0,323.0,2005650.0,45877.0,82.05,3.65,-2.2,BOM500012
2019-12-31,33.35,37.0,33.35,36.3,35.74,122615.0,609.0,4382666.0,98966.0,80.71,3.65,2.95,BOM500012
2019-12-30,31.05,34.1,30.65,33.55,32.95,78782.0,353.0,2595829.0,57540.0,73.04,3.45,2.5,BOM500012
2019-12-27,30.3,31.25,30.0,31.1,30.72,35536.0,145.0,1091682.0,26690.0,75.11,1.25,0.8,BOM500012
2019-12-26,31.0,31.8,30.0,31.1,31.05,33558.0,136.0,1041840.0,26736.0,79.67,1.8,0.1,BOM500012
2019-12-24,29.7,30.5,29.7,30.45,30.29,12788.0,67.0,387305.0,9476.0,74.1,0.8,0.75,BOM500012
2019-12-23,30.2,30.75,29.8,30.4,30.35,27873.0,112.0,845987.0,24872.0,89.23,0.95,0.2,BOM500012
2019-12-20,29.55,30.4,29.55,30.1,29.99,25885.0,168.0,776351.0,18076.0,69.83,0.85,0.55,BOM500012
2019-12-19,29.7,31.85,29.05,29.55,29.92,33438.0,174.0,1000559.0,25766.0,77.06,2.8,-0.15,BOM500012
2019-12-18,30.5,30.5,30.0,30.25,30.18,19627.0,106.0,592380.0,15532.0,79.14,0.5,-0.25,BOM500012
2019-12-17,30.6,30.6,29.85,30.2,30.06,25844.0,117.0,776914.0,21911.0,84.78,0.75,-0.4,BOM500012
2019-12-16,30.25,30.5,29.65,29.95,30.13,24955.0,145.0,751779.0,18503.0,74.15,0.85,-0.3,BOM500012
2019-12-13,30.95,31.2,29.5,29.75,29.89,41883.0,235.0,1252019.0,29260.0,69.86,1.7,-1.2,BOM500012
2019-12-12,31.65,31.95,29.75,30.3,30.28,31749.0,155.0,961404.0,27583.0,86.88,2.2,-1.35,BOM500012
2019-12-11,31.85,32.2,29.8,30.3,31.17,43168.0,202.0,1345440.0,34396.0,79.68,2.4,-1.55,BOM500012
2019-12-10,31.05,32.0,30.8,30.95,31.36,19379.0,137.0,607681.0,15640.0,80.71,1.2,-0.1,BOM500012
2019-12-09,32.0,32.45,31.3,31.75,31.91,12687.0,87.0,404855.0,11019.0,86.85,1.15,-0.25,BOM500012
2019-12-06,32.2,35.0,31.6,32.15,32.31,26905.0,110.0,869358.0,24868.0,92.43,3.4,-0.05,BOM500012
2019-12-05,33.95,33.95,32.25,32.35,32.71,23203.0,156.0,759026.0,20969.0,90.37,1.7,-1.6,BOM500012
2019-12-04,32.6,33.9,32.6,33.15,33.02,16910.0,112.0,558448.0,12084.0,71.46,1.3,0.55,BOM500012
2019-12-03,35.95,35.95,33.05,33.95,33.79,9102.0,112.0,307585.0,6120.0,67.24,2.9,-2.0,BOM500012
2019-12-02,36.0,36.0,33.5,34.35,34.03,13078.0,106.0,444980.0,8485.0,64.88,2.5,-1.65,BOM500012
2019-11-29,34.85,35.4,34.5,34.7,34.9,16838.0,103.0,587572.0,14687.0,87.23,0.9,-0.15,BOM500012
2019-11-28,33.75,35.5,33.0,34.85,34.64,33072.0,176.0,1145614.0,27001.0,81.64,2.5,1.1,BOM500012
2019-11-27,33.5,34.0,32.55,33.75,33.43,18594.0,114.0,621615.0,15368.0,82.65,1.45,0.25,BOM500012
2019-11-26,32.2,33.25,32.15,32.95,33.03,27711.0,146.0,915256.0,22308.0,80.5,1.1,0.75,BOM500012
2019-11-25,32.2,33.4,31.4,32.15,32.05,22825.0,132.0,731550.0,17608.0,77.14,2.0,-0.05,BOM500012
2019-11-22,33.5,33.5,31.65,32.35,32.32,13107.0,117.0,423603.0,10663.0,81.35,1.85,-1.15,BOM500012
2019-11-21,32.1,32.5,31.8,32.25,32.12,49437.0,172.0,1588131.0,43564.0,88.12,0.7,0.15,BOM500012
2019-11-20,37.0,37.0,32.3,32.5,32.74,29197.0,163.0,955817.0,22933.0,78.55,4.7,-4.5,BOM500012
2019-11-19,34.15,34.15,32.15,32.35,32.95,59029.0,319.0,1945250.0,47307.0,80.14,2.0,-1.8,BOM500012
2019-11-18,34.55,34.9,34.0,34.05,34.35,21834.0,137.0,749969.0,14758.0,67.59,0.9,-0.5,BOM500012
2019-11-15,34.25,35.65,34.2,34.55,34.69,29561.0,156.0,1025610.0,20248.0,68.5,1.45,0.3,BOM500012
2019-11-14,36.2,36.2,34.0,34.4,34.35,32179.0,207.0,1105398.0,23305.0,72.42,2.2,-1.8,BOM500012
2019-11-13,36.8,36.9,35.0,35.1,35.77,38504.0,311.0,1377357.0,34077.0,88.5,1.9,-1.7,BOM500012
2019-11-11,37.0,37.8,36.4,36.7,37.13,19056.0,140.0,707557.0,15035.0,78.9,1.4,-0.3,BOM500012
2019-11-08,37.55,37.95,37.0,37.6,37.33,28072.0,161.0,1047829.0,20213.0,72.0,0.95,0.05,BOM500012
2019-11-07,37.75,38.5,37.0,37.15,37.55,22237.0,150.0,835102.0,17318.0,77.88,1.5,-0.6,BOM500012
2019-11-06,37.7,38.35,37.5,37.9,37.88,12783.0,109.0,484203.0,11084.0,86.71,0.85,0.2,BOM500012
2019-11-05,38.05,38.5,37.1,37.9,37.92,31004.0,150.0,1175757.0,22201.0,71.61,1.4,-0.15,BOM500012
2019-11-04,36.3,39.2,36.3,38.0,37.69,80320.0,404.0,3027054.0,57121.0,71.12,2.9,1.7,BOM500012
2019-11-01,40.6,41.2,39.8,39.9,40.16,43416.0,202.0,1743583.0,34849.0,80.27,1.4,-0.7,BOM500012
2019-10-31,40.05,41.6,40.0,40.55,40.76,17080.0,123.0,696195.0,11884.0,69.58,1.6,0.5,BOM500012
2019-10-30,41.0,41.0,39.35,40.2,40.15,26737.0,176.0,1073391.0,20816.0,77.85,1.65,-0.8,BOM500012
2019-10-29,39.5,41.55,39.3,41.0,40.63,33364.0,224.0,1355419.0,27266.0,81.72,2.25,1.5,BOM500012
2019-10-27,39.9,39.9,38.85,39.5,39.53,12861.0,69.0,508371.0,11910.0,92.61,1.05,-0.4,BOM500012
2019-10-25,38.85,39.25,38.6,38.85,38.9,9168.0,86.0,356673.0,6896.0,75.22,0.65,0.0,BOM500012
2019-10-24,38.65,39.25,38.5,38.7,38.9,16895.0,102.0,657299.0,13363.0,79.09,0.75,0.05,BOM500012
2019-10-23,38.25,39.5,38.25,38.65,38.81,12936.0,113.0,502098.0,10253.0,79.26,1.25,0.4,BOM500012
2019-10-22,38.85,39.75,38.2,39.1,39.2,16848.0,113.0,660379.0,12414.0,73.68,1.55,0.25,BOM500012
2019-10-18,39.85,39.95,38.5,38.8,38.9,33192.0,225.0,1291114.0,22439.0,67.6,1.45,-1.05,BOM500012
2019-10-17,37.5,39.85,37.5,39.1,39.24,10636.0,110.0,417326.0,8473.0,79.66,2.35,1.6,BOM500012
2019-10-16,39.25,39.8,38.25,39.45,38.9,10691.0,79.0,415878.0,8708.0,81.45,1.55,0.2,BOM500012
2019-10-15,38.35,39.95,37.3,39.25,38.49,17220.0,147.0,662783.0,12301.0,71.43,2.65,0.9,BOM500012
2019-10-14,39.0,39.0,37.65,37.8,38.14,10727.0,109.0,409148.0,7064.0,65.85,1.35,-1.2,BOM500012
2019-10-11,38.2,38.8,37.6,38.4,38.17,9235.0,98.0,352518.0,7917.0,85.73,1.2,0.2,BOM500012
2019-10-10,37.05,38.75,37.05,37.7,37.96,7649.0,54.0,290382.0,7087.0,92.65,1.7,0.65,BOM500012
2019-10-09,38.75,38.75,37.6,38.2,37.98,16887.0,110.0,641373.0,15307.0,90.64,1.15,-0.55,BOM500012
2019-10-07,37.4,39.0,37.4,37.9,38.37,33391.0,176.0,1281090.0,25722.0,77.03,1.6,0.5,BOM500012
2019-10-04,38.0,39.2,36.9,37.4,37.63,37134.0,218.0,1397333.0,25262.0,68.03,2.3,-0.6,BOM500012
2019-10-03,42.7,42.7,37.0,38.2,38.69,31595.0,213.0,1222299.0,21948.0,69.47,5.7,-4.5,BOM500012
2019-10-01,38.35,41.5,38.35,39.6,39.98,35291.0,183.0,1410929.0,25119.0,71.18,3.15,1.25,BOM500012
2019-09-30,41.0,41.3,40.5,40.8,40.72,9300.0,89.0,378725.0,7374.0,79.29,0.8,-0.2,BOM500012
2019-09-27,42.0,43.2,41.3,41.45,42.15,22083.0,153.0,930843.0,16652.0,75.41,1.9,-0.55,BOM500012
2019-09-26,42.0,42.9,41.65,41.75,42.0,14131.0,123.0,593509.0,11370.0,80.46,1.25,-0.25,BOM500012
2019-09-25,43.15,43.5,42.25,42.6,42.74,9376.0,79.0,400715.0,7747.0,82.63,1.25,-0.55,BOM500012
2019-09-24,43.55,43.55,42.45,43.35,42.97,17732.0,145.0,761929.0,9302.0,52.46,1.1,-0.2,BOM500012
2019-09-23,43.0,44.3,43.0,43.5,43.55,28090.0,209.0,1223288.0,15341.0,54.61,1.3,0.5,BOM500012
2019-09-20,40.55,44.0,40.3,42.55,42.46,54161.0,309.0,2299601.0,31625.0,58.39,3.7,2.0,BOM500012
2019-09-19,41.6,41.85,40.25,40.6,40.76,13083.0,127.0,533282.0,9752.0,74.54,1.6,-1.0,BOM500012
2019-09-18,42.95,42.95,41.6,41.8,42.19,8305.0,100.0,350357.0,6790.0,81.76,1.35,-1.15,BOM500012
2019-09-17,44.25,44.95,42.0,42.15,42.92,28036.0,191.0,1203201.0,24680.0,88.03,2.95,-2.1,BOM500012
2019-09-16,41.5,45.0,41.5,44.25,43.4,63403.0,282.0,2751646.0,43892.0,69.23,3.5,2.75,BOM500012
2019-09-13,42.0,42.95,41.7,42.6,42.37,21770.0,127.0,922329.0,16464.0,75.63,1.25,0.6,BOM500012
2019-09-12,40.5,43.0,40.5,42.25,42.24,53777.0,253.0,2271631.0,40031.0,74.44,2.5,1.75,BOM500012
2019-09-11,38.75,41.0,38.3,40.2,39.98,40176.0,236.0,1606262.0,29319.0,72.98,2.7,1.45,BOM500012
2019-09-09,38.3,39.05,37.05,38.9,38.55,20500.0,134.0,790219.0,15110.0,73.71,2.0,0.6,BOM500012
2019-09-06,38.45,39.4,37.6,38.3,38.29,34742.0,167.0,1330270.0,21266.0,61.21,1.8,-0.15,BOM500012
2019-09-05,39.0,40.35,37.7,38.3,38.37,25827.0,170.0,990997.0,18004.0,69.71,2.65,-0.7,BOM500012
2019-09-04,39.25,40.4,38.75,38.8,39.16,17068.0,98.0,668460.0,13728.0,80.43,1.65,-0.45,BOM500012
2019-09-03,40.85,40.85,39.15,39.45,40.01,15664.0,94.0,626738.0,12774.0,81.55,1.7,-1.4,BOM500012
2019-08-30,40.35,41.0,40.0,40.5,40.41,6745.0,76.0,272556.0,5136.0,76.15,1.0,0.15,BOM500012
2019-08-29,40.45,41.35,40.0,40.35,40.45,6707.0,55.0,271308.0,4366.0,65.1,1.35,-0.1,BOM500012
2019-08-28,40.5,41.5,39.0,40.45,40.18,10906.0,85.0,438201.0,8194.0,75.13,2.5,-0.05,BOM500012
2019-08-27,40.7,41.95,38.8,41.3,40.37,32929.0,222.0,1329418.0,26250.0,79.72,3.15,0.6,BOM500012
2019-08-26,40.05,42.0,38.1,39.2,39.57,29275.0,181.0,1158476.0,18749.0,64.04,3.9,-0.85,BOM500012
2019-08-23,39.45,40.0,36.0,39.2,38.51,35086.0,219.0,1351237.0,23133.0,65.93,4.0,-0.25,BOM500012
2019-08-22,39.95,39.95,36.2,37.4,37.47,24980.0,228.0,936118.0,16016.0,64.12,3.75,-2.55,BOM500012
2019-08-21,41.0,41.0,38.05,39.2,39.38,16817.0,122.0,662290.0,14390.0,85.57,2.95,-1.8,BOM500012
2019-08-20,40.55,41.75,39.3,40.05,40.18,17375.0,158.0,698136.0,14420.0,82.99,2.45,-0.5,BOM500012
2019-08-19,40.95,42.5,40.75,41.3,41.42,12029.0,110.0,498198.0,8206.0,68.22,1.75,0.35,BOM500012
2019-08-16,41.25,41.25,40.1,40.65,40.36,14209.0,130.0,573503.0,10979.0,77.27,1.15,-0.6,BOM500012
2019-08-14,40.5,41.6,40.0,40.75,40.73,20758.0,127.0,845419.0,12846.0,61.88,1.6,0.25,BOM500012
2019-08-13,43.05,43.75,40.55,41.0,42.15,17258.0,164.0,727352.0,13813.0,80.04,3.2,-2.05,BOM500012
2019-08-09,42.85,43.5,41.8,43.1,42.84,22316.0,152.0,956006.0,15360.0,68.83,1.7,0.25,BOM500012
2019-08-08,42.45,42.7,41.5,42.2,42.0,30141.0,101.0,1265919.0,26174.0,86.84,1.2,-0.25,BOM500012
2019-08-07,41.5,43.0,41.5,42.0,42.16,46795.0,190.0,1973088.0,39414.0,84.23,1.5,0.5,BOM500012
2019-08-06,42.0,43.45,40.25,42.05,42.36,23503.0,192.0,995601.0,16570.0,70.5,3.2,0.05,BOM500012
2019-08-05,41.55,42.8,40.0,42.05,41.22,47402.0,431.0,1953836.0,34769.0,73.35,2.8,0.5,BOM500012
2019-08-02,45.5,45.5,42.15,44.7,44.22,34840.0,196.0,1540715.0,27783.0,79.74,3.35,-0.8,BOM500012
2019-08-01,42.95,45.05,41.9,44.55,43.4,28261.0,191.0,1226546.0,20834.0,73.72,3.15,1.6,BOM500012
2019-07-31,39.25,42.4,39.2,41.9,41.28,29336.0,186.0,1210917.0,23231.0,79.19,3.2,2.65,BOM500012
2019-07-30,43.9,43.95,39.9,40.4,40.98,67059.0,316.0,2747923.0,47599.0,70.98,4.05,-3.5,BOM500012
2019-07-29,45.0,45.9,42.55,43.4,44.14,22406.0,161.0,989072.0,19772.0,88.24,3.35,-1.6,BOM500012
2019-07-26,43.5,45.5,42.0,44.85,43.63,23545.0,203.0,1027297.0,15923.0,67.63,3.5,1.35,BOM500012
2019-07-25,44.7,44.7,42.15,42.55,42.89,33495.0,197.0,1436639.0,27299.0,81.5,2.55,-2.15,BOM500012
2019-07-24,45.0,45.0,42.4,43.3,43.46,34848.0,195.0,1514442.0,28684.0,82.31,2.6,-1.7,BOM500012
2019-07-23,47.8,47.8,44.0,44.15,44.86,54614.0,276.0,2450054.0,45827.0,83.91,3.8,-3.65,BOM500012
2019-07-22,47.7,47.7,45.3,45.6,45.69,17092.0,127.0,780877.0,11971.0,70.04,2.4,-2.1,BOM500012
2019-07-19,47.1,47.1,45.6,46.1,46.28,44254.0,259.0,2048163.0,33667.0,76.08,1.5,-1.0,BOM500012
2019-07-18,48.65,48.9,47.05,47.6,47.6,30367.0,175.0,1445494.0,20833.0,68.6,1.85,-1.05,BOM500012
2019-07-17,47.1,49.0,47.1,48.4,48.36,9176.0,92.0,443758.0,7333.0,79.91,1.9,1.3,BOM500012
2019-07-16,47.05,49.5,47.0,48.5,48.51,18834.0,143.0,913636.0,13414.0,71.22,2.5,1.45,BOM500012
2019-07-15,50.1,50.1,48.0,48.05,48.33,14279.0,185.0,690156.0,10739.0,75.21,2.1,-2.05,BOM500012
2019-07-12,49.65,50.5,48.6,49.5,49.71,13866.0,117.0,689318.0,11049.0,79.68,1.9,-0.15,BOM500012
2019-07-11,50.55,50.8,49.5,49.65,49.91,17785.0,193.0,887638.0,14366.0,80.78,1.3,-0.9,BOM500012
2019-07-10,51.25,51.9,50.4,50.6,50.91,9823.0,103.0,500087.0,7136.0,72.65,1.5,-0.65,BOM500012
2019-07-09,50.9,51.55,50.3,51.1,51.2,13853.0,137.0,709278.0,9379.0,67.7,1.25,0.2,BOM500012
2019-07-08,52.85,52.85,50.05,50.9,51.16,34269.0,231.0,1753237.0,24330.0,71.0,2.8,-1.95,BOM500012
2019-07-05,54.0,54.4,52.15,52.85,53.22,14502.0,127.0,771817.0,8660.0,59.72,2.25,-1.15,BOM500012
2019-07-04,52.05,55.0,52.05,53.5,54.06,40289.0,259.0,2178007.0,16954.0,42.08,2.95,1.45,BOM500012
2019-07-03,53.5,54.9,53.0,53.6,53.76,16383.0,191.0,880701.0,11415.0,69.68,1.9,0.1,BOM500012
2019-07-02,52.7,54.35,52.7,53.5,53.48,17993.0,127.0,962184.0,14241.0,79.15,1.65,0.8,BOM500012
2019-07-01,53.9,54.45,53.15,53.35,53.55,12020.0,125.0,643702.0,8920.0,74.21,1.3,-0.55,BOM500012
2019-06-28,55.4,55.4,53.4,53.9,54.09,17341.0,146.0,937994.0,14806.0,85.38,2.0,-1.5,BOM500012
2019-06-27,55.2,55.75,54.2,55.3,55.23,24200.0,160.0,1336471.0,20218.0,83.55,1.55,0.1,BOM500012
2019-06-26,54.9,55.25,53.5,54.25,54.3,26967.0,181.0,1464420.0,20830.0,77.24,1.75,-0.65,BOM500012
2019-06-25,54.55,55.5,54.5,54.85,54.89,7960.0,128.0,436942.0,6215.0,78.08,1.0,0.3,BOM500012
2019-06-24,54.55,55.9,54.5,55.35,55.43,19363.0,141.0,1073226.0,15647.0,80.81,1.4,0.8,BOM500012
2019-06-21,56.8,56.8,54.1,55.05,55.24,28622.0,212.0,1581183.0,16483.0,57.59,2.7,-1.75,BOM500012
2019-06-20,52.75,54.5,51.5,54.0,53.14,36573.0,215.0,1943507.0,28879.0,78.96,3.0,1.25,BOM500012
2019-06-19,53.05,54.6,52.5,52.7,53.35,38606.0,303.0,2059746.0,27661.0,71.65,2.1,-0.35,BOM500012
2019-06-18,55.8,55.8,53.3,54.1,54.2,29032.0,256.0,1573614.0,19288.0,66.44,2.5,-1.7,BOM500012
2019-06-17,56.0,56.0,54.05,54.7,54.72,26616.0,287.0,1456295.0,18458.0,69.35,1.95,-1.3,BOM500012
2019-06-14,57.95,57.95,55.0,55.8,55.82,38439.0,316.0,2145571.0,26810.0,69.75,2.95,-2.15,BOM500012
2019-06-13,58.7,58.7,56.05,56.65,56.61,27238.0,267.0,1541813.0,20810.0,76.4,2.65,-2.05,BOM500012
2019-06-12,59.8,59.8,56.0,56.75,57.08,43176.0,583.0,2464657.0,26416.0,61.18,3.8,-3.05,BOM500012
2019-06-11,56.7,57.95,56.1,57.35,57.13,86513.0,910.0,4942673.0,60441.0,69.86,1.85,0.65,BOM500012
2019-06-10,56.55,56.7,55.05,55.9,55.76,47957.0,307.0,2673955.0,30531.0,63.66,1.65,-0.65,BOM500012
2019-06-07,54.25,55.45,54.0,54.65,54.53,15190.0,137.0,828300.0,11770.0,77.49,1.45,0.4,BOM500012
2019-06-06,55.75,55.75,54.2,54.5,55.01,23012.0,202.0,1265997.0,19642.0,85.36,1.55,-1.25,BOM500012
2019-06-04,56.0,56.6,55.25,55.75,55.88,47033.0,235.0,2628135.0,38017.0,80.83,1.35,-0.25,BOM500012
2019-06-03,57.8,58.2,55.95,56.15,56.55,47447.0,266.0,2683037.0,32736.0,68.99,2.25,-1.65,BOM500012
2019-05-31,59.5,60.2,56.5,57.75,58.29,33324.0,228.0,1942418.0,25163.0,75.51,3.7,-1.75,BOM500012
2019-05-30,60.1,61.95,59.0,59.4,60.1,32672.0,216.0,1963579.0,23878.0,73.08,2.95,-0.7,BOM500012
2019-05-29,57.7,62.2,55.6,60.15,60.33,109990.0,652.0,6635701.0,66985.0,60.9,6.6,2.45,BOM500012
2019-05-28,59.85,61.5,57.0,57.7,58.91,90933.0,416.0,5356636.0,70926.0,78.0,4.5,-2.15,BOM500012
2019-05-27,64.0,67.5,58.0,59.1,61.86,321127.0,1045.0,19864136.0,234235.0,72.94,9.5,-4.9,BOM500012
2019-05-24,62.0,62.95,58.5,62.15,61.39,148467.0,502.0,9114716.0,112563.0,75.82,4.45,0.15,BOM500012
2019-05-23,60.4,63.65,59.5,60.0,61.42,116791.0,542.0,7173494.0,82766.0,70.87,4.15,-0.4,BOM500012
2019-05-22,55.95,62.4,53.4,60.4,58.15,200286.0,741.0,11647411.0,150731.0,75.26,9.0,4.45,BOM500012
2019-05-21,53.85,54.9,53.3,53.8,54.07,31419.0,133.0,1698855.0,25127.0,79.97,1.6,-0.05,BOM500012
2019-05-20,53.0,54.95,52.75,54.45,53.9,46496.0,248.0,2506017.0,32703.0,70.34,2.2,1.45,BOM500012
2019-05-17,50.9,52.5,49.7,51.8,51.47,42127.0,184.0,2168367.0,34082.0,80.9,2.8,0.9,BOM500012
2019-05-16,51.8,51.8,48.55,50.05,49.73,23575.0,102.0,1172450.0,18885.0,80.11,3.25,-1.75,BOM500012
2019-05-15,49.35,50.5,49.25,49.45,49.82,15309.0,111.0,762649.0,11694.0,76.39,1.25,0.1,BOM500012
2019-05-14,49.05,49.9,48.9,49.5,49.34,10478.0,99.0,516933.0,7315.0,69.81,1.0,0.45,BOM500012
2019-05-13,51.0,51.0,49.6,49.75,50.01,13997.0,112.0,700053.0,12417.0,88.71,1.4,-1.25,BOM500012
2019-05-10,52.0,52.0,51.0,51.25,51.25,5553.0,68.0,284605.0,3987.0,71.8,1.0,-0.75,BOM500012
2019-05-09,50.5,52.2,50.5,51.0,51.29,20433.0,120.0,1048108.0,15881.0,77.72,1.7,0.5,BOM500012
2019-05-08,52.2,52.7,51.0,51.25,51.68,31975.0,161.0,1652524.0,23632.0,73.91,1.7,-0.95,BOM500012
2019-05-07,53.35,53.9,50.45,52.35,52.82,21218.0,94.0,1120756.0,17815.0,83.96,3.45,-1.0,BOM500012
2019-05-06,53.1,54.4,53.1,53.95,53.9,19057.0,110.0,1027111.0,14837.0,77.86,1.3,0.85,BOM500012
2019-05-03,53.1,53.85,53.05,53.45,53.3,13288.0,110.0,708198.0,9840.0,74.05,0.8,0.35,BOM500012
2019-05-02,54.0,54.25,53.0,53.3,53.28,32395.0,129.0,1725991.0,26165.0,80.77,1.25,-0.7,BOM500012
2019-04-30,54.35,54.65,53.1,53.65,53.78,20176.0,589.0,1085041.0,14221.0,70.48,1.55,-0.7,BOM500012
2019-04-26,54.55,54.95,54.2,54.3,54.43,14892.0,76.0,810522.0,12341.0,82.87,0.75,-0.25,BOM500012
2019-04-25,55.45,55.45,54.3,54.4,54.71,10123.0,105.0,553867.0,7823.0,77.28,1.15,-1.05,BOM500012
2019-04-24,54.95,55.85,54.15,55.5,54.72,14946.0,129.0,817781.0,10313.0,69.0,1.7,0.55,BOM500012
2019-04-23,55.1,56.0,54.1,54.75,54.88,13462.0,120.0,738856.0,10101.0,75.03,1.9,-0.35,BOM500012
2019-04-22,56.0,56.0,55.1,55.1,55.31,23345.0,110.0,1291247.0,18628.0,79.79,0.9,-0.9,BOM500012
2019-04-18,55.7,56.3,55.1,56.05,55.64,26999.0,151.0,1502301.0,20659.0,76.52,1.2,0.35,BOM500012
2019-04-16,55.55,56.65,55.2,55.7,55.67,15109.0,115.0,841108.0,10824.0,71.64,1.45,0.15,BOM500012
2019-04-15,54.9,56.7,54.9,55.55,55.98,13518.0,115.0,756721.0,11432.0,84.57,1.8,0.65,BOM500012
2019-04-12,56.0,56.05,55.0,55.75,55.36,31953.0,149.0,1768892.0,22874.0,71.59,1.05,-0.25,BOM500012
2019-04-11,55.5,56.1,55.0,55.15,55.4,20337.0,149.0,1126688.0,11451.0,56.31,1.1,-0.35,BOM500012
2019-04-10,56.0,56.8,55.15,56.05,55.92,18611.0,121.0,1040805.0,14248.0,76.56,1.65,0.05,BOM500012
2019-04-09,56.5,57.3,55.75,56.2,56.27,21416.0,112.0,1204973.0,17133.0,80.0,1.55,-0.3,BOM500012
2019-04-08,57.2,57.6,56.1,57.0,57.07,14375.0,113.0,820341.0,11586.0,80.6,1.5,-0.2,BOM500012
2019-04-05,57.0,58.0,56.6,57.1,57.17,29422.0,145.0,1682057.0,22562.0,76.68,1.4,0.1,BOM500012
2019-04-04,56.5,57.5,55.0,56.6,56.73,11712.0,78.0,664396.0,10289.0,87.85,2.5,0.1,BOM500012
2019-04-03,56.5,58.0,56.4,56.95,57.36,42069.0,179.0,2413160.0,32929.0,78.27,1.6,0.45,BOM500012
2019-04-02,57.4,57.4,56.0,56.35,56.52,25733.0,141.0,1454485.0,18203.0,70.74,1.4,-1.05,BOM500012
2019-04-01,55.9,57.8,54.65,56.0,56.39,40089.0,210.0,2260769.0,29451.0,73.46,3.15,0.1,BOM500012
2019-03-29,53.65,55.2,53.65,54.65,54.8,41436.0,154.0,2270649.0,36896.0,89.04,1.55,1.0,BOM500012
2019-03-28,55.7,55.7,54.2,54.8,54.88,38216.0,158.0,2097243.0,25415.0,66.5,1.5,-0.9,BOM500012
2019-03-27,54.25,56.4,53.0,54.1,54.05,102362.0,427.0,5532748.0,85212.0,83.25,3.4,-0.15,BOM500012
2019-03-26,55.25,57.6,54.0,55.45,55.02,80675.0,342.0,4438788.0,65237.0,80.86,3.6,0.2,BOM500012
2019-03-25,57.4,58.7,55.0,55.2,56.16,63989.0,251.0,3593313.0,55985.0,87.49,3.7,-2.2,BOM500012
2019-03-22,58.0,58.25,56.55,57.4,57.26,30663.0,197.0,1755830.0,22592.0,73.68,1.7,-0.6,BOM500012
2019-03-20,58.95,59.7,57.6,58.4,58.23,21933.0,124.0,1277177.0,17394.0,79.31,2.1,-0.55,BOM500012
2019-03-19,57.5,58.95,57.5,58.35,58.21,18470.0,158.0,1075054.0,12493.0,67.64,1.45,0.85,BOM500012
2019-03-18,59.9,59.9,58.0,58.1,58.69,45433.0,178.0,2666283.0,34527.0,76.0,1.9,-1.8,BOM500012
2019-03-15,59.45,60.4,58.5,58.95,59.68,70011.0,257.0,4178459.0,55929.0,79.89,1.9,-0.5,BOM500012
2019-03-14,60.4,60.4,58.3,58.45,58.73,33705.0,171.0,1979394.0,27553.0,81.75,2.1,-1.95,BOM500012
2019-03-13,59.7,60.5,58.9,59.4,59.55,36354.0,178.0,2164944.0,29450.0,81.01,1.6,-0.3,BOM500012
2019-03-12,59.05,60.5,59.0,59.75,60.0,48709.0,243.0,2922699.0,40669.0,83.49,1.5,0.7,BOM500012
2019-03-11,57.0,60.0,57.0,59.35,59.48,45314.0,240.0,2695195.0,37971.0,83.8,3.0,2.35,BOM500012
2019-03-08,58.05,58.85,57.0,57.4,57.67,33414.0,173.0,1926978.0,26137.0,78.22,1.85,-0.65,BOM500012
2019-03-07,59.0,59.75,58.0,58.5,58.85,46432.0,227.0,2732723.0,33873.0,72.95,1.75,-0.5,BOM500012
2019-03-06,58.65,59.5,57.5,58.8,58.68,65356.0,299.0,3834937.0,54644.0,83.61,2.0,0.15,BOM500012
2019-03-05,55.4,58.5,54.05,58.1,57.47,96014.0,429.0,5517946.0,72589.0,75.6,4.45,2.7,BOM500012
2019-03-01,53.65,55.8,53.65,54.9,54.68,38093.0,202.0,2082935.0,27347.0,71.79,2.15,1.25,BOM500012
2019-02-28,54.1,54.85,53.6,53.9,54.08,21853.0,139.0,1181741.0,17748.0,81.22,1.25,-0.2,BOM500012
2019-02-27,55.0,56.0,53.0,54.25,54.69,37197.0,212.0,2034138.0,28515.0,76.66,3.0,-0.75,BOM500012
2019-02-26,55.0,55.9,52.6,54.6,54.32,34424.0,225.0,1869875.0,24137.0,70.12,3.3,-0.4,BOM500012
2019-02-25,54.95,56.7,54.6,56.25,55.6,41646.0,175.0,2315565.0,26304.0,63.16,2.1,1.3,BOM500012
2019-02-22,55.75,55.9,54.45,55.45,55.05,48003.0,227.0,2642710.0,40401.0,84.16,1.45,-0.3,BOM500012
2019-02-21,56.75,56.75,54.0,55.5,55.5,25974.0,184.0,1441578.0,17181.0,66.15,2.75,-1.25,BOM500012
2019-02-20,53.0,56.0,52.2,54.9,54.04,83273.0,420.0,4499953.0,54293.0,65.2,3.8,1.9,BOM500012
2019-02-19,50.0,52.9,50.0,51.7,51.86,44957.0,196.0,2331600.0,30418.0,67.66,2.9,1.7,BOM500012
2019-02-18,51.5,51.5,50.0,50.3,50.47,13997.0,112.0,706482.0,11344.0,81.05,1.5,-1.2,BOM500012
2019-02-15,50.5,51.95,50.5,51.4,51.41,37528.0,200.0,1929424.0,27450.0,73.15,1.45,0.9,BOM500012
2019-02-14,50.7,51.9,47.75,51.0,50.47,62445.0,268.0,3151367.0,35971.0,57.6,4.15,0.3,BOM500012
2019-02-13,51.8,51.95,50.1,50.65,50.85,36953.0,156.0,1879095.0,23744.0,64.25,1.85,-1.15,BOM500012
2019-02-12,52.0,52.0,49.05,50.8,50.68,76257.0,276.0,3864649.0,57384.0,75.25,2.95,-1.2,BOM500012
2019-02-11,51.0,52.9,49.0,50.2,50.27,86979.0,322.0,4372165.0,71438.0,82.13,3.9,-0.8,BOM500012
2019-02-08,52.0,52.75,48.0,51.35,51.04,260960.0,1068.0,13318553.0,188073.0,72.07,4.75,-0.65,BOM500012
2019-02-07,56.9,58.5,55.5,56.15,56.75,37695.0,291.0,2139073.0,23706.0,62.89,3.0,-0.75,BOM500012
2019-02-06,55.15,57.0,52.9,55.5,54.36,72111.0,371.0,3919940.0,41997.0,58.24,4.1,0.35,BOM500012
2019-02-05,56.0,56.5,51.5,55.4,55.25,54021.0,254.0,2984731.0,41442.0,76.71,5.0,-0.6,BOM500012
2019-02-04,58.25,59.5,55.15,56.4,57.14,42486.0,188.0,2427567.0,37125.0,87.38,4.35,-1.85,BOM500012
2019-02-01,58.4,58.4,56.0,57.7,57.26,41351.0,267.0,2367774.0,36349.0,87.9,2.4,-0.7,BOM500012
2019-01-31,58.0,59.8,57.15,57.85,57.98,33917.0,194.0,1966597.0,24074.0,70.98,2.65,-0.15,BOM500012
2019-01-30,55.0,58.8,55.0,57.45,57.68,52662.0,271.0,3037712.0,35486.0,67.38,3.8,2.45,BOM500012
2019-01-29,56.0,57.95,53.6,55.35,55.26,74219.0,388.0,4101584.0,57798.0,77.87,4.35,-0.65,BOM500012
2019-01-28,57.0,58.7,56.55,56.9,57.39,70483.0,343.0,4044816.0,56569.0,80.26,2.15,-0.1,BOM500012
2019-01-25,60.35,61.75,58.0,58.7,59.41,70031.0,375.0,4160692.0,54265.0,77.49,3.75,-1.65,BOM500012
2019-01-24,63.0,64.4,59.5,59.75,60.69,94443.0,406.0,5732074.0,80471.0,85.21,4.9,-3.25,BOM500012
2019-01-23,62.45,63.8,61.5,62.25,62.67,52215.0,240.0,3272351.0,44097.0,84.45,2.3,-0.2,BOM500012
2019-01-22,64.0,64.9,61.0,62.0,62.42,118601.0,459.0,7402542.0,93395.0,78.75,3.9,-2.0,BOM500012
2019-01-21,66.95,67.8,64.8,65.3,65.84,51566.0,278.0,3395318.0,38306.0,74.29,3.0,-1.65,BOM500012
2019-01-18,68.1,69.0,66.0,66.6,67.32,53727.0,324.0,3616991.0,40675.0,75.71,3.0,-1.5,BOM500012
2019-01-17,67.75,69.0,67.1,68.0,68.34,51521.0,338.0,3520977.0,34013.0,66.02,1.9,0.25,BOM500012
2019-01-16,65.0,67.6,64.05,67.15,66.5,60406.0,371.0,4017264.0,48041.0,79.53,3.55,2.15,BOM500012
2019-01-15,61.9,66.65,61.9,64.9,65.2,58422.0,346.0,3809234.0,40065.0,68.58,4.75,3.0,BOM500012
2019-01-14,65.45,65.7,60.3,63.8,62.57,118795.0,663.0,7432555.0,60908.0,51.27,5.4,-1.65,BOM500012
2019-01-11,69.65,69.65,64.5,65.45,65.71,141919.0,635.0,9326029.0,102935.0,72.53,5.15,-4.2,BOM500012
2019-01-10,68.65,70.8,68.0,68.75,69.01,54179.0,353.0,3739036.0,32691.0,60.34,2.8,0.1,BOM500012
2019-01-09,72.9,74.4,68.0,68.65,70.15,150699.0,888.0,10571981.0,93690.0,62.17,6.4,-4.25,BOM500012
2019-01-08,69.7,82.0,69.7,72.15,73.17,265537.0,1418.0,19429655.0,163658.0,61.63,12.3,2.45,BOM500012
2019-01-07,64.35,69.9,64.35,68.8,66.93,214926.0,990.0,14384701.0,171700.0,79.89,5.55,4.45,BOM500012
2019-01-04,61.65,64.9,61.65,63.6,63.45,109819.0,645.0,6968397.0,78203.0,71.21,3.25,1.95,BOM500012
2019-01-03,61.0,62.7,61.0,61.35,61.52,84498.0,384.0,5198415.0,63576.0,75.24,1.7,0.35,BOM500012
2019-01-02,58.0,63.65,58.0,60.75,61.57,187676.0,1064.0,11555157.0,122297.0,65.16,5.65,2.75,BOM500012
2019-01-01,57.0,58.9,56.5,58.2,57.6,37525.0,250.0,2161436.0,26831.0,71.5,2.4,1.2,BOM500012
2018-12-31,56.85,57.95,55.2,57.4,56.9,41259.0,232.0,2347664.0,29682.0,71.94,2.75,0.55,BOM500012
2018-12-28,55.65,57.55,55.1,56.25,56.17,12523.0,134.0,703412.0,9871.0,78.82,2.45,0.6,BOM500012
2018-12-27,56.7,56.7,55.5,55.75,55.96,12002.0,112.0,671619.0,8805.0,73.36,1.2,-0.95,BOM500012
2018-12-26,58.3,58.3,54.0,55.85,55.32,30275.0,206.0,1674757.0,23771.0,78.52,4.3,-2.45,BOM500012
2018-12-24,59.0,59.0,55.55,56.2,56.37,25184.0,154.0,1419622.0,12726.0,50.53,3.45,-2.8,BOM500012
2018-12-21,58.0,58.0,55.45,56.85,56.5,39433.0,241.0,2227814.0,30803.0,78.11,2.55,-1.15,BOM500012
2018-12-20,56.7,58.4,56.7,57.45,57.46,14623.0,143.0,840303.0,9799.0,67.01,1.7,0.75,BOM500012
2018-12-19,58.0,59.0,55.5,57.75,58.08,62180.0,372.0,3611350.0,40837.0,65.68,3.5,-0.25,BOM500012
2018-12-18,55.1,57.0,54.75,56.65,56.43,52303.0,211.0,2951233.0,43736.0,83.62,2.25,1.55,BOM500012
2018-12-17,55.85,57.0,54.75,55.65,55.91,56599.0,239.0,3164406.0,35865.0,63.37,2.25,-0.2,BOM500012
2018-12-14,55.0,55.8,54.5,54.75,55.04,31484.0,189.0,1732933.0,24017.0,76.28,1.3,-0.25,BOM500012
2018-12-13,58.95,59.4,55.1,55.75,56.98,69571.0,543.0,3964016.0,41720.0,59.97,4.3,-3.2,BOM500012
2018-12-12,53.0,57.9,52.65,57.25,56.23,98327.0,572.0,5528826.0,71276.0,72.49,5.25,4.25,BOM500012
2018-12-11,46.15,52.9,46.15,52.55,51.4,96277.0,504.0,4948656.0,71487.0,74.25,6.75,6.4,BOM500012
2018-12-10,50.0,50.0,48.2,49.1,48.86,79354.0,422.0,3877385.0,66851.0,84.24,1.8,-0.9,BOM500012
2018-12-07,52.95,52.95,50.5,51.35,51.39,33482.0,280.0,1720546.0,23036.0,68.8,2.45,-1.6,BOM500012
2018-12-06,53.0,53.95,52.0,52.2,52.39,41571.0,322.0,2178082.0,34253.0,82.4,1.95,-0.8,BOM500012
2018-12-05,54.15,54.5,53.55,53.8,54.07,41123.0,283.0,2223423.0,31767.0,77.25,0.95,-0.35,BOM500012
2018-12-04,54.2,55.0,54.15,54.7,54.66,28304.0,284.0,1547015.0,17144.0,60.57,0.85,0.5,BOM500012
2018-12-03,55.85,57.7,54.05,54.9,55.32,41834.0,312.0,2314397.0,30087.0,71.92,3.65,-0.95,BOM500012
2018-11-30,55.15,57.5,55.0,56.0,56.02,64055.0,496.0,3588323.0,36980.0,57.73,2.5,0.85,BOM500012
2018-11-29,55.6,56.2,54.5,55.15,55.03,44662.0,334.0,2457600.0,29845.0,66.82,1.7,-0.45,BOM500012
2018-11-28,57.0,57.0,55.0,55.4,55.77,45745.0,336.0,2551299.0,35467.0,77.53,2.0,-1.6,BOM500012
2018-11-27,58.25,58.25,56.1,56.75,56.78,42051.0,322.0,2387505.0,31587.0,75.12,2.15,-1.5,BOM500012
2018-11-26,57.0,59.45,56.7,57.55,57.71,55586.0,372.0,3208011.0,29693.0,53.42,2.75,0.55,BOM500012
2018-11-22,60.0,60.35,57.5,57.75,58.77,105451.0,545.0,6197253.0,77766.0,73.75,2.85,-2.25,BOM500012
2018-11-21,60.45,61.4,58.7,59.3,59.56,81664.0,529.0,4863782.0,59713.0,73.12,2.7,-1.15,BOM500012
2018-11-20,61.0,63.25,60.0,60.9,61.6,184677.0,1227.0,11376347.0,116257.0,62.95,3.25,-0.1,BOM500012
2018-11-19,55.6,60.75,54.05,59.95,57.69,405171.0,1736.0,23372727.0,228742.0,56.46,6.7,4.35,BOM500012
2018-11-16,58.95,58.95,54.55,54.9,56.2,357409.0,1853.0,20086219.0,237772.0,66.53,4.4,-4.05,BOM500012
2018-11-15,63.0,63.0,58.1,58.65,59.6,239022.0,1477.0,14245893.0,191514.0,80.12,4.9,-4.35,BOM500012
2018-11-14,65.55,65.55,63.0,63.1,63.79,87853.0,614.0,5604494.0,70778.0,80.56,2.55,-2.45,BOM500012
2018-11-13,66.0,66.0,64.0,64.9,64.96,77333.0,581.0,5023937.0,55509.0,71.78,2.0,-1.1,BOM500012
2018-11-12,67.35,67.35,65.5,66.1,66.1,98963.0,515.0,6541550.0,79293.0,80.12,1.85,-1.25,BOM500012
2018-11-09,67.0,67.8,65.1,66.15,66.44,126685.0,776.0,8417101.0,87803.0,69.31,2.7,-0.85,BOM500012
2018-11-07,66.0,67.7,66.0,66.3,66.43,53640.0,447.0,3563397.0,44276.0,82.54,1.7,0.3,BOM500012
2018-11-06,66.0,71.9,61.0,65.2,67.17,1061493.0,4723.0,71303291.0,403205.0,37.98,10.9,-0.8,BOM500012
2018-11-05,84.35,87.45,67.4,68.75,75.09,769761.0,3756.0,57803218.0,472761.0,61.42,20.05,-15.6,BOM500012
2018-11-02,83.4,86.8,83.1,84.25,84.73,206225.0,998.0,17473145.0,136386.0,66.13,3.7,0.85,BOM500012
2018-11-01,86.5,86.9,82.0,82.9,84.73,179320.0,1058.0,15193586.0,137218.0,76.52,4.9,-3.6,BOM500012
2018-10-31,88.7,88.7,85.0,85.55,86.49,291957.0,962.0,25251852.0,238500.0,81.69,3.7,-3.15,BOM500012
2018-10-30,86.95,89.75,85.8,86.65,88.54,263130.0,1043.0,23298203.0,209423.0,79.59,3.95,-0.3,BOM500012
2018-10-29,84.1,87.8,84.1,86.7,86.23,150408.0,915.0,12970066.0,122368.0,81.36,3.7,2.6,BOM500012
2018-10-26,82.0,86.4,79.8,83.75,83.19,175356.0,1108.0,14587395.0,99701.0,56.86,6.6,1.75,BOM500012
2018-10-25,83.9,83.9,81.75,83.3,82.82,127474.0,786.0,10557619.0,81117.0,63.63,2.15,-0.6,BOM500012
2018-10-24,84.5,87.9,83.15,84.75,85.54,147328.0,1054.0,12602649.0,93220.0,63.27,4.75,0.25,BOM500012
2018-10-23,87.0,87.45,81.9,83.05,83.8,232183.0,1328.0,19456272.0,166638.0,71.77,5.55,-3.95,BOM500012
2018-10-22,90.25,92.5,87.4,87.85,89.78,132756.0,1024.0,11918255.0,90578.0,68.23,5.1,-2.4,BOM500012
2018-10-19,89.65,92.9,86.6,89.45,89.8,205708.0,1541.0,18472173.0,127700.0,62.08,6.3,-0.2,BOM500012
2018-10-17,98.0,99.4,89.0,89.65,93.15,512665.0,2769.0,47754770.0,347798.0,67.84,10.4,-8.35,BOM500012
2018-10-16,91.6,98.0,89.4,95.4,93.9,809063.0,4634.0,75973210.0,453365.0,56.04,8.6,3.8,BOM500012
2018-10-15,80.95,91.6,80.95,90.5,87.0,1047779.0,5018.0,91155518.0,697700.0,66.59,10.65,9.55,BOM500012
2018-10-12,78.0,81.0,78.0,78.95,79.67,222744.0,883.0,17745387.0,166521.0,74.76,3.0,0.95,BOM500012
2018-10-11,75.65,79.3,72.1,76.9,76.72,150943.0,819.0,11580150.0,87180.0,57.76,7.2,1.25,BOM500012
2018-10-10,73.75,79.3,72.05,76.75,77.1,161761.0,814.0,12471745.0,113422.0,70.12,7.25,3.0,BOM500012
2018-10-09,74.05,75.0,71.75,73.25,73.56,69242.0,416.0,5093563.0,49687.0,71.76,3.25,-0.8,BOM500012
2018-10-08,76.0,79.3,64.0,74.05,72.84,271898.0,1328.0,19806124.0,161047.0,59.23,15.3,-1.95,BOM500012
2018-10-05,74.9,79.8,73.0,74.8,76.55,255278.0,1240.0,19542492.0,177311.0,69.46,6.8,-0.1,BOM500012
2018-10-04,69.35,78.0,67.6,74.6,73.3,274249.0,1425.0,20101425.0,193727.0,70.64,10.4,5.25,BOM500012
2018-10-03,66.1,69.45,63.05,69.4,68.54,190496.0,631.0,13057472.0,141947.0,74.51,6.4,3.3,BOM500012
2018-10-01,70.95,70.95,65.95,66.15,66.25,161584.0,640.0,10704729.0,122481.0,75.8,5.0,-4.8,BOM500012
2018-09-28,74.45,74.5,68.5,69.4,70.21,90137.0,536.0,6328953.0,65231.0,72.37,6.0,-5.05,BOM500012
2018-09-27,74.3,75.5,71.85,72.0,73.39,68509.0,427.0,5027721.0,51346.0,74.95,3.65,-2.3,BOM500012
2018-09-26,74.0,75.9,71.1,74.3,74.26,105225.0,743.0,7814366.0,64173.0,60.99,4.8,0.3,BOM500012
2018-09-25,71.0,73.4,68.4,72.6,69.43,295551.0,1317.0,20520020.0,212235.0,71.81,5.0,1.6,BOM500012
2018-09-24,75.0,77.0,71.75,71.95,72.33,218521.0,668.0,15805061.0,123672.0,56.6,5.25,-3.05,BOM500012
2018-09-21,80.75,81.6,75.5,75.5,77.21,164157.0,638.0,12674399.0,127721.0,77.8,6.1,-5.25,BOM500012
2018-09-19,82.4,83.5,78.0,79.45,81.03,260081.0,916.0,21073861.0,167126.0,64.26,5.5,-2.95,BOM500012
2018-09-18,77.0,80.35,77.0,79.85,79.71,291326.0,935.0,23222721.0,214830.0,73.74,3.35,2.85,BOM500012
2018-09-17,76.5,77.9,75.0,76.55,77.03,136746.0,460.0,10533849.0,114348.0,83.62,2.9,0.05,BOM500012
2018-09-14,74.5,76.0,73.5,76.0,75.31,75631.0,481.0,5695736.0,55885.0,73.89,2.5,1.5,BOM500012
2018-09-12,72.1,73.95,71.9,72.4,72.15,369487.0,956.0,26657827.0,217344.0,58.82,2.05,0.3,BOM500012
2018-09-11,81.45,81.45,75.65,75.65,76.52,277550.0,1039.0,21237977.0,236916.0,85.36,5.8,-5.8,BOM500012
2018-09-10,83.0,83.0,79.0,79.6,81.01,119501.0,606.0,9680877.0,92089.0,77.06,4.0,-3.4,BOM500012
2018-09-07,82.9,85.0,80.0,81.9,82.87,153258.0,756.0,12699844.0,112727.0,73.55,5.0,-1.0,BOM500012
2018-09-06,81.2,82.25,78.7,82.05,81.92,267119.0,1124.0,21882358.0,157901.0,59.11,3.55,0.85,BOM500012
2018-09-05,80.0,80.0,77.55,78.35,78.31,99712.0,384.0,7808869.0,73287.0,73.5,2.45,-1.65,BOM500012
2018-09-04,80.0,81.0,78.5,79.8,79.83,74992.0,473.0,5986724.0,51758.0,69.02,2.5,-0.2,BOM500012
2018-09-03,82.8,82.8,78.95,80.0,82.25,336412.0,1211.0,27670027.0,186325.0,55.39,3.85,-2.8,BOM500012
2018-08-31,75.0,78.9,75.0,78.9,78.23,71845.0,258.0,5620204.0,66257.0,92.22,3.9,3.9,BOM500012
2018-08-30,75.0,77.85,74.8,75.15,75.91,96210.0,461.0,7303642.0,70828.0,73.62,3.05,0.15,BOM500012
2018-08-29,78.45,78.45,75.0,76.8,77.11,105694.0,577.0,8150491.0,78579.0,74.35,3.45,-1.65,BOM500012
2018-08-28,81.0,81.75,78.25,78.45,79.6,101931.0,454.0,8113555.0,87122.0,85.47,3.5,-2.55,BOM500012
2018-08-27,80.95,81.4,79.0,81.0,80.38,100932.0,601.0,8112795.0,66680.0,66.06,2.4,0.05,BOM500012
2018-08-24,81.0,83.0,79.75,80.3,81.52,142716.0,564.0,11634303.0,103160.0,72.28,3.25,-0.7,BOM500012
2018-08-23,81.95,83.5,80.6,81.1,82.3,155348.0,663.0,12785652.0,116501.0,74.99,2.9,-0.85,BOM500012
2018-08-21,80.7,82.4,78.0,81.5,80.29,146024.0,699.0,11724137.0,112877.0,77.3,4.4,0.8,BOM500012
2018-08-20,79.8,81.0,77.6,79.1,79.42,121765.0,604.0,9670668.0,84017.0,69.0,3.4,-0.7,BOM500012
2018-08-17,84.0,84.0,78.05,79.3,80.55,167574.0,851.0,13498213.0,120066.0,71.65,5.95,-4.7,BOM500012
2018-08-16,81.4,82.95,76.55,80.05,81.45,738656.0,2290.0,60162648.0,418762.0,56.69,6.4,-1.35,BOM500012
2018-08-14,77.55,79.0,76.3,79.0,78.64,560026.0,1383.0,44037784.0,317000.0,56.6,2.7,1.45,BOM500012
2018-08-13,73.0,76.55,71.55,75.25,74.23,166709.0,615.0,12374346.0,136916.0,82.13,5.0,2.25,BOM500012
2018-08-10,75.05,76.0,72.55,72.95,74.7,136801.0,570.0,10219170.0,111965.0,81.85,3.45,-2.1,BOM500012
2018-08-09,76.0,77.9,72.25,75.35,75.22,835330.0,2003.0,62836481.0,660312.0,79.05,5.65,-0.65,BOM500012
2018-08-08,75.2,75.2,75.2,75.2,75.2,518196.0,269.0,38968339.0,374907.0,72.35,0.0,0.0,BOM500012
2018-08-07,71.65,71.65,71.65,71.65,71.65,17129.0,83.0,1227292.0,17129.0,100.0,0.0,0.0,BOM500012
2018-08-06,68.25,68.25,68.25,68.25,68.25,34529.0,108.0,2356604.0,34529.0,100.0,0.0,0.0,BOM500012
2018-08-03,64.9,66.0,64.0,65.0,65.12,122801.0,498.0,7997172.0,105631.0,86.02,2.0,0.1,BOM500012
2018-08-02,63.9,65.0,62.0,63.55,63.07,91002.0,316.0,5739219.0,83027.0,91.24,3.0,-0.35,BOM500012
2018-08-01,62.45,63.65,61.55,62.25,62.49,71949.0,247.0,4496173.0,62673.0,87.11,2.1,-0.2,BOM500012
2018-07-31,60.3,62.7,60.3,62.0,61.97,114598.0,237.0,7101210.0,79431.0,69.31,2.4,1.7,BOM500012
2018-07-30,61.7,63.0,61.0,62.55,62.32,84797.0,332.0,5284413.0,63173.0,74.5,2.0,0.85,BOM500012
2018-07-27,58.3,62.0,58.3,60.9,60.32,97879.0,445.0,5904403.0,74991.0,76.62,3.7,2.6,BOM500012
2018-07-26,54.1,58.0,54.1,57.5,56.83,41889.0,251.0,2380668.0,35422.0,84.56,3.9,3.4,BOM500012
2018-07-25,54.75,55.0,53.5,54.8,54.36,34549.0,119.0,1878006.0,33034.0,95.61,1.5,0.05,BOM500012
2018-07-24,53.95,55.75,53.35,53.8,54.32,124183.0,153.0,6745718.0,80742.0,65.02,2.4,-0.15,BOM500012
2018-07-23,54.0,54.0,52.6,53.25,53.13,12731.0,73.0,676353.0,8881.0,69.76,1.4,-0.75,BOM500012
2018-07-20,52.95,53.3,51.9,52.95,52.75,26255.0,106.0,1384858.0,20225.0,77.03,1.4,0.0,BOM500012
2018-07-19,53.0,53.05,51.5,52.3,52.41,43345.0,124.0,2271838.0,35106.0,80.99,1.55,-0.7,BOM500012
2018-07-18,52.1,53.95,52.1,53.4,53.27,30342.0,135.0,1616419.0,21062.0,69.42,1.85,1.3,BOM500012
2018-07-17,51.3,53.35,51.3,52.9,52.45,104789.0,104.0,5495936.0,59414.0,56.7,2.05,1.6,BOM500012
2018-07-16,53.0,53.0,50.3,52.3,51.64,61323.0,205.0,3166606.0,46549.0,75.91,2.7,-0.7,BOM500012
2018-07-13,56.0,56.0,52.1,53.15,53.54,73082.0,228.0,3912665.0,61237.0,83.79,3.9,-2.85,BOM500012
2018-07-12,55.0,58.0,53.2,56.0,56.81,193385.0,701.0,10985251.0,129037.0,66.73,4.8,1.0,BOM500012
2018-07-11,51.0,54.7,50.6,54.25,53.07,141628.0,416.0,7516895.0,103180.0,72.85,4.1,3.25,BOM500012
2018-07-10,49.5,51.9,49.0,51.1,50.61,75503.0,229.0,3820924.0,62370.0,82.61,2.9,1.6,BOM500012
2018-07-09,48.5,49.0,47.7,48.55,48.22,24451.0,94.0,1178919.0,19577.0,80.07,1.3,0.05,BOM500012
2018-07-06,47.05,48.4,46.7,47.65,47.82,140311.0,106.0,6709414.0,138449.0,98.67,1.7,0.6,BOM500012
2018-07-05,47.3,48.5,47.3,48.0,48.05,114832.0,106.0,5517926.0,109083.0,94.99,1.2,0.7,BOM500012
2018-07-04,48.0,48.5,46.5,48.2,47.76,21539.0,124.0,1028599.0,15237.0,70.74,2.0,0.2,BOM500012
2018-07-03,45.05,48.1,45.05,47.6,46.95,21052.0,94.0,988444.0,16992.0,80.71,3.05,2.55,BOM500012
2018-07-02,44.25,48.05,44.25,46.4,46.31,55535.0,100.0,2571916.0,49670.0,89.44,3.8,2.15,BOM500012
2018-06-29,44.9,49.15,43.25,48.15,46.83,64498.0,174.0,3020672.0,60077.0,93.15,5.9,3.25,BOM500012
2018-06-28,44.6,45.75,43.5,43.65,44.4,22355.0,128.0,992581.0,18645.0,83.4,2.25,-0.95,BOM500012
2018-06-27,44.9,46.3,44.0,45.15,45.5,48265.0,160.0,2196180.0,39499.0,81.84,2.3,0.25,BOM500012
2018-06-26,45.0,46.0,44.15,45.6,45.31,61720.0,91.0,2796544.0,37549.0,60.84,1.85,0.6,BOM500012
2018-06-25,46.1,46.7,45.5,45.6,46.12,6461.0,43.0,297986.0,6213.0,96.16,1.2,-0.5,BOM500012
2018-06-22,45.0,46.0,44.6,45.55,45.25,14190.0,75.0,642158.0,11505.0,81.08,1.4,0.55,BOM500012
2018-06-21,47.35,47.35,45.0,45.45,46.13,10488.0,76.0,483808.0,8011.0,76.38,2.35,-1.9,BOM500012
2018-06-20,47.8,47.8,46.0,46.1,46.49,12965.0,67.0,602719.0,11610.0,89.55,1.8,-1.7,BOM500012
2018-06-19,46.0,47.4,46.0,46.5,46.82,12947.0,75.0,606174.0,11067.0,85.48,1.4,0.5,BOM500012
2018-06-18,47.0,47.8,46.6,46.9,47.18,36546.0,79.0,1724390.0,35716.0,97.73,1.2,-0.1,BOM500012
2018-06-15,47.7,48.95,47.2,47.6,47.8,19068.0,97.0,911421.0,15630.0,81.97,1.75,-0.1,BOM500012
2018-06-14,48.0,48.0,46.5,47.95,47.33,27784.0,101.0,1314899.0,24223.0,87.18,1.5,-0.05,BOM500012
2018-06-13,47.65,49.5,47.65,48.2,48.97,43446.0,166.0,2127558.0,35593.0,81.92,1.85,0.55,BOM500012
2018-06-12,47.15,48.7,45.05,48.05,47.85,30826.0,144.0,1474958.0,27497.0,89.2,3.65,0.9,BOM500012
2018-06-11,46.5,48.8,46.0,47.15,47.62,31777.0,190.0,1513249.0,21688.0,68.25,2.8,0.65,BOM500012
2018-06-08,48.0,48.0,45.1,46.5,46.04,59735.0,195.0,2750194.0,45412.0,76.02,2.9,-1.5,BOM500012
2018-06-07,44.0,48.9,43.0,47.25,47.28,98956.0,301.0,4678666.0,85182.0,86.08,5.9,3.25,BOM500012
2018-06-06,39.0,45.8,39.0,44.85,42.61,90456.0,431.0,3854577.0,57553.0,63.63,6.8,5.85,BOM500012
2018-06-05,41.05,41.9,38.0,39.85,39.62,106165.0,407.0,4206612.0,77030.0,72.56,3.9,-1.2,BOM500012
2018-06-04,45.2,47.0,41.65,42.05,43.63,160958.0,540.0,7022715.0,144604.0,89.84,5.35,-3.15,BOM500012
2018-06-01,48.05,49.9,45.9,46.15,46.87,121481.0,410.0,5694258.0,111355.0,91.66,4.0,-1.9,BOM500012
2018-05-31,52.9,52.9,48.55,48.9,49.99,117275.0,313.0,5862137.0,113253.0,96.57,4.35,-4.0,BOM500012
2018-05-30,51.0,52.0,47.55,51.55,49.82,72118.0,348.0,3593217.0,48602.0,67.39,4.45,0.55,BOM500012
2018-05-29,53.0,53.25,50.5,51.4,51.98,39848.0,165.0,2071258.0,28816.0,72.31,2.75,-1.6,BOM500012
2018-05-28,51.0,54.0,51.0,52.6,52.86,31591.0,164.0,1669782.0,21391.0,67.71,3.0,1.6,BOM500012
2018-05-25,48.9,52.5,48.9,51.85,51.14,137457.0,535.0,7029364.0,102891.0,74.85,3.6,2.95,BOM500012
2018-05-24,54.5,57.0,43.85,49.1,48.0,521592.0,1569.0,25038627.0,285510.0,54.74,13.15,-5.4,BOM500012
2018-05-23,57.3,57.5,54.6,54.8,55.13,44031.0,213.0,2427224.0,35448.0,80.51,2.9,-2.5,BOM500012
2018-05-22,53.0,58.0,53.0,55.85,55.24,24705.0,159.0,1364586.0,18825.0,76.2,5.0,2.85,BOM500012
2018-05-21,58.0,58.85,54.3,55.1,56.31,54302.0,210.0,3057684.0,46251.0,85.17,4.55,-2.9,BOM500012
2018-05-18,59.0,59.35,57.8,58.05,58.39,37149.0,132.0,2169092.0,31402.0,84.53,1.55,-0.95,BOM500012
2018-05-17,59.3,59.4,57.85,58.7,58.54,30861.0,140.0,1806540.0,20111.0,65.17,1.55,-0.6,BOM500012
2018-05-16,57.7,58.0,57.0,57.55,57.53,22143.0,119.0,1273909.0,15632.0,70.6,1.0,-0.15,BOM500012
2018-05-15,58.45,61.6,57.9,58.1,60.0,81427.0,305.0,4885659.0,61815.0,75.91,3.7,-0.35,BOM500012
2018-05-14,58.55,59.45,57.4,57.6,58.09,25242.0,136.0,1466260.0,20776.0,82.31,2.05,-0.95,BOM500012
2018-05-11,57.2,61.0,57.0,58.95,58.51,47866.0,155.0,2800648.0,31258.0,65.3,4.0,1.75,BOM500012
2018-05-10,58.5,58.7,57.25,57.9,58.04,24664.0,140.0,1431411.0,19724.0,79.97,1.45,-0.6,BOM500012
2018-05-09,58.1,59.45,57.25,58.2,57.95,54220.0,227.0,3142229.0,36274.0,66.9,2.2,0.1,BOM500012
2018-05-08,60.0,61.3,57.0,58.0,58.89,65593.0,512.0,3863089.0,50741.0,77.36,4.3,-2.0,BOM500012
2018-05-07,62.0,62.0,56.05,59.3,59.8,57000.0,309.0,3408666.0,44511.0,78.09,5.95,-2.7,BOM500012
2018-05-04,62.5,62.85,60.8,62.0,61.93,46074.0,227.0,2853569.0,37380.0,81.13,2.05,-0.5,BOM500012
2018-05-03,65.8,66.25,61.1,62.05,63.42,65136.0,314.0,4130822.0,54507.0,83.68,5.15,-3.75,BOM500012
2018-05-02,67.4,68.9,65.3,65.8,66.74,117753.0,448.0,7859253.0,87038.0,73.92,3.6,-1.6,BOM500012
2018-04-30,61.25,68.0,60.05,67.4,65.51,170905.0,555.0,11196618.0,145812.0,85.32,7.95,6.15,BOM500012
2018-04-27,61.0,61.5,60.05,60.1,60.63,29023.0,121.0,1759669.0,22642.0,78.01,1.45,-0.9,BOM500012
2018-04-26,60.95,61.5,59.55,60.45,60.36,20880.0,102.0,1260235.0,16738.0,80.16,1.95,-0.5,BOM500012
2018-04-25,60.5,61.55,60.0,60.15,60.3,30247.0,123.0,1823759.0,23677.0,78.28,1.55,-0.35,BOM500012
2018-04-24,60.0,62.0,60.0,61.05,61.32,32019.0,159.0,1963477.0,25294.0,79.0,2.0,1.05,BOM500012
2018-04-23,58.0,62.65,58.0,60.5,61.47,36774.0,182.0,2260514.0,25862.0,70.33,4.65,2.5,BOM500012
2018-04-20,60.55,61.8,60.25,60.7,60.62,22795.0,111.0,1381768.0,17725.0,77.76,1.55,0.15,BOM500012
2018-04-19,60.0,61.8,60.0,60.6,60.57,39962.0,173.0,2420658.0,27875.0,69.75,1.8,0.6,BOM500012
2018-04-18,61.15,62.8,60.0,61.05,61.12,40706.0,216.0,2487932.0,34828.0,85.56,2.8,-0.1,BOM500012
2018-04-17,62.4,63.9,61.2,61.55,62.19,67732.0,286.0,4212304.0,57525.0,84.93,2.7,-0.85,BOM500012
2018-04-16,62.0,63.0,61.8,62.4,62.39,34351.0,138.0,2143095.0,29718.0,86.51,1.2,0.4,BOM500012
2018-04-13,64.7,64.7,62.3,62.95,63.15,40794.0,167.0,2576269.0,34767.0,85.23,2.4,-1.75,BOM500012
2018-04-12,64.9,65.6,62.1,62.9,63.66,78876.0,247.0,5021058.0,70781.0,89.74,3.5,-2.0,BOM500012
2018-04-11,63.5,65.5,63.5,64.9,64.86,56232.0,238.0,3647311.0,48567.0,86.37,2.0,1.4,BOM500012
2018-04-10,66.0,66.5,63.1,65.5,65.29,68145.0,298.0,4448858.0,56358.0,82.7,3.4,-0.5,BOM500012
2018-04-09,62.7,65.5,62.7,65.25,64.85,145791.0,521.0,9455127.0,117491.0,80.59,2.8,2.55,BOM500012
2018-04-06,60.65,63.9,60.65,62.7,62.91,194360.0,629.0,12227791.0,157189.0,80.88,3.25,2.05,BOM500012
2018-04-05,59.75,60.3,59.05,59.75,59.81,81059.0,262.0,4848260.0,65920.0,81.32,1.25,0.0,BOM500012
2018-04-04,59.5,60.5,56.95,57.8,58.76,135393.0,358.0,7956279.0,112719.0,83.25,3.55,-1.7,BOM500012
2018-04-03,58.9,59.95,58.0,59.6,59.42,37095.0,215.0,2204306.0,22405.0,60.4,1.95,0.7,BOM500012
2018-04-02,59.0,60.1,58.65,59.8,59.44,53830.0,269.0,3199623.0,40495.0,75.23,1.45,0.8,BOM500012
2018-03-28,53.0,57.5,52.3,57.4,56.14,144692.0,460.0,8122864.0,102361.0,70.74,5.2,4.4,BOM500012
2018-03-27,52.0,54.8,51.55,54.8,54.33,170830.0,233.0,9281302.0,161485.0,94.53,3.25,2.8,BOM500012
2018-03-26,51.0,53.9,49.65,52.2,51.76,95596.0,359.0,4947873.0,82855.0,86.67,4.25,1.2,BOM500012
2018-03-23,53.0,53.85,51.3,51.35,51.79,160029.0,458.0,8287970.0,141379.0,88.35,2.55,-1.65,BOM500012
2018-03-22,56.0,59.6,54.0,54.0,56.5,275661.0,722.0,15575774.0,210537.0,76.38,5.6,-2.0,BOM500012
2018-03-21,54.0,56.85,54.0,56.8,56.05,138781.0,343.0,7778047.0,119754.0,86.29,2.85,2.8,BOM500012
2018-03-20,55.1,55.85,52.75,54.15,54.02,34815.0,209.0,1880593.0,22245.0,63.89,3.1,-0.95,BOM500012
2018-03-19,58.0,58.0,55.05,55.5,55.67,43067.0,192.0,2397502.0,39603.0,91.96,2.95,-2.5,BOM500012
2018-03-16,57.05,57.85,56.15,57.15,57.04,37587.0,161.0,2143913.0,30971.0,82.4,1.7,0.1,BOM500012
2018-03-15,56.0,58.9,56.0,58.05,58.02,36072.0,193.0,2092859.0,31670.0,87.8,2.9,2.05,BOM500012
2018-03-14,55.55,57.85,54.6,56.9,56.28,57014.0,144.0,3208603.0,49996.0,87.69,3.25,1.35,BOM500012
2018-03-13,58.1,58.1,56.6,56.95,57.03,105540.0,312.0,6019227.0,84040.0,79.63,1.5,-1.15,BOM500012
2018-03-12,59.9,60.4,57.25,58.9,58.95,77120.0,298.0,4546190.0,65610.0,85.08,3.15,-1.0,BOM500012
2018-03-09,55.05,57.65,55.05,57.65,57.27,142039.0,379.0,8134686.0,104836.0,73.81,2.6,2.6,BOM500012
2018-03-08,53.0,54.95,49.75,54.95,52.32,236045.0,620.0,12348972.0,184770.0,78.28,5.2,1.95,BOM500012
2018-03-07,54.75,54.75,52.35,52.35,52.52,74638.0,325.0,3920192.0,60292.0,80.78,2.4,-2.4,BOM500012
2018-03-06,57.3,58.8,54.5,55.1,55.88,76880.0,329.0,4296098.0,66644.0,86.69,4.3,-2.2,BOM500012
2018-03-05,60.0,60.0,56.1,57.25,57.4,42372.0,178.0,2432181.0,29143.0,68.78,3.9,-2.75,BOM500012
2018-03-01,59.15,60.1,58.55,58.75,59.05,38895.0,194.0,2296782.0,29152.0,74.95,1.55,-0.4,BOM500012
2018-02-28,59.0,59.95,58.1,58.9,58.91,50595.0,204.0,2980421.0,36125.0,71.4,1.85,-0.1,BOM500012
2018-02-27,59.85,60.5,59.3,59.8,59.78,102353.0,388.0,6118731.0,76640.0,74.88,1.2,-0.05,BOM500012
2018-02-26,59.4,60.3,55.5,57.8,58.4,100500.0,299.0,5869451.0,75567.0,75.19,4.8,-1.6,BOM500012
2018-02-23,56.15,58.8,54.6,58.4,57.07,64564.0,297.0,3684395.0,44912.0,69.56,4.2,2.25,BOM500012
2018-02-22,57.8,57.95,56.0,56.95,56.72,26007.0,183.0,1475045.0,19852.0,76.33,1.95,-0.85,BOM500012
2018-02-21,59.3,59.3,56.8,57.8,57.66,52136.0,216.0,3006032.0,37109.0,71.18,2.5,-1.5,BOM500012
2018-02-20,59.0,59.8,56.45,56.95,57.78,80623.0,393.0,4658639.0,49071.0,60.86,3.35,-2.05,BOM500012
2018-02-19,56.25,59.9,56.25,59.35,58.46,97066.0,364.0,5674726.0,69492.0,71.59,3.65,3.1,BOM500012
2018-02-16,60.0,60.5,57.2,57.8,58.63,65634.0,332.0,3848220.0,46312.0,70.56,3.3,-2.2,BOM500012
2018-02-15,62.0,62.9,58.5,59.0,60.83,108262.0,376.0,6585425.0,80705.0,74.55,4.4,-3.0,BOM500012
2018-02-14,62.4,63.45,59.35,60.85,60.85,270210.0,791.0,16442116.0,176651.0,65.38,4.1,-1.55,BOM500012
2018-02-12,61.4,64.0,61.4,62.45,62.42,259759.0,747.0,16213788.0,181374.0,69.82,2.6,1.05,BOM500012
2018-02-09,66.5,71.4,64.6,64.6,67.99,589893.0,1330.0,40107282.0,348522.0,59.08,6.8,-1.9,BOM500012
2018-02-08,66.0,68.7,66.0,68.0,67.54,138120.0,388.0,9328030.0,110201.0,79.79,2.7,2.0,BOM500012
2018-02-07,65.0,67.4,65.0,65.75,66.7,137211.0,381.0,9151512.0,83058.0,60.53,2.4,0.75,BOM500012
2018-02-06,63.7,65.8,63.7,64.2,63.87,224152.0,473.0,14316854.0,159989.0,71.38,2.1,0.5,BOM500012
2018-02-05,60.85,67.25,60.85,67.05,64.77,281712.0,680.0,18245569.0,233070.0,82.73,6.4,6.2,BOM500012
2018-02-02,67.0,67.4,63.85,64.05,64.57,136326.0,522.0,8802329.0,121880.0,89.4,3.55,-2.95,BOM500012
2018-02-01,70.45,70.8,66.95,67.05,67.96,149253.0,492.0,10143283.0,129169.0,86.54,3.85,-3.4,BOM500012
2018-01-31,69.25,71.8,66.25,70.45,69.0,300385.0,990.0,20727935.0,245650.0,81.78,5.55,1.2,BOM500012
2018-01-30,72.85,72.9,69.25,69.25,69.46,127552.0,264.0,8860247.0,114731.0,89.95,3.65,-3.6,BOM500012
2018-01-29,75.5,76.9,72.85,72.85,73.94,178995.0,537.0,13235502.0,147125.0,82.2,4.05,-2.65,BOM500012
2018-01-25,76.7,77.9,72.75,76.65,75.74,379038.0,1343.0,28707459.0,307696.0,81.18,5.15,-0.05,BOM500012
2018-01-24,74.8,74.8,71.5,74.8,74.55,559664.0,1168.0,41720508.0,401473.0,71.73,3.3,0.0,BOM500012
2018-01-23,70.0,71.25,69.0,71.25,71.0,192218.0,304.0,13648099.0,158337.0,82.37,2.25,1.25,BOM500012
2018-01-22,65.5,67.9,65.0,67.9,67.2,242924.0,503.0,16323836.0,210927.0,86.83,2.9,2.4,BOM500012
2018-01-19,65.0,65.95,63.15,64.7,64.82,79590.0,321.0,5159417.0,64253.0,80.73,2.8,-0.3,BOM500012
2018-01-18,66.25,66.25,61.0,63.05,65.7,369510.0,629.0,24276589.0,295849.0,80.07,5.25,-3.2,BOM500012
2018-01-17,58.1,63.1,57.15,63.1,61.1,85091.0,269.0,5199064.0,70965.0,83.4,5.95,5.0,BOM500012
2018-01-16,62.0,62.85,59.85,60.1,60.5,91772.0,374.0,5551951.0,70254.0,76.55,3.0,-1.9,BOM500012
2018-01-15,63.55,65.25,61.0,62.95,63.8,88764.0,327.0,5663224.0,69233.0,78.0,4.25,-0.6,BOM500012
2018-01-12,66.0,66.25,62.7,63.0,63.77,162360.0,464.0,10352987.0,135808.0,83.65,3.55,-3.0,BOM500012
2018-01-11,65.5,66.85,64.7,65.95,65.92,77365.0,275.0,5099637.0,63458.0,82.02,2.15,0.45,BOM500012
2018-01-10,69.65,69.65,65.0,65.2,66.61,147916.0,460.0,9852882.0,127446.0,86.16,4.65,-4.45,BOM500012
2018-01-09,69.0,69.0,65.8,66.7,67.2,231415.0,670.0,15550405.0,199225.0,86.09,3.2,-2.3,BOM500012
2018-01-08,66.4,67.45,64.0,67.45,67.09,534720.0,902.0,35873632.0,310061.0,57.99,3.45,1.05,BOM500012
2018-01-05,64.25,64.25,64.25,64.25,64.25,156981.0,177.0,10086029.0,141417.0,90.09,0.0,0.0,BOM500012
2018-01-04,61.2,61.2,61.2,61.2,61.2,107959.0,105.0,6607090.0,107954.0,100.0,0.0,0.0,BOM500012
2018-01-03,60.0,60.0,57.95,58.3,58.18,132898.0,237.0,7732610.0,132898.0,100.0,2.05,-1.7,BOM500012
2018-01-02,60.95,61.25,60.95,60.95,60.96,117610.0,102.0,7168959.0,117610.0,100.0,0.3,0.0,BOM500012
2018-01-01,66.0,66.5,63.0,64.15,64.6,98759.0,218.0,6379674.0,98759.0,100.0,3.5,-1.85,BOM500012
2017-12-29,64.05,64.05,63.15,64.0,64.0,193819.0,306.0,12405036.0,193819.0,100.0,0.9,-0.05,BOM500012
2017-12-28,63.15,63.15,61.75,63.15,62.99,285278.0,430.0,17969510.0,285278.0,100.0,1.4,0.0,BOM500012
2017-12-27,60.15,60.15,59.9,60.15,60.15,289169.0,319.0,17392617.0,289169.0,100.0,0.25,0.0,BOM500012
2017-12-26,54.0,57.35,53.95,57.3,55.76,237163.0,377.0,13224052.0,237163.0,100.0,3.4,3.3,BOM500012
2017-12-22,53.1,55.0,52.55,54.65,54.05,48729.0,133.0,2633911.0,48729.0,100.0,2.45,1.55,BOM500012
2017-12-21,53.25,55.5,52.95,53.1,54.04,85054.0,171.0,4596704.0,85054.0,100.0,2.55,-0.15,BOM500012
2017-12-20,54.0,54.5,52.0,53.3,53.29,26895.0,117.0,1433257.0,26895.0,100.0,2.5,-0.7,BOM500012
2017-12-19,52.8,54.0,52.0,53.05,53.36,50150.0,136.0,2676140.0,50150.0,100.0,2.0,0.25,BOM500012
2017-12-18,50.3,52.8,50.2,52.35,52.21,44471.0,148.0,2321959.0,44471.0,100.0,2.6,2.05,BOM500012
2017-12-15,49.0,52.15,49.0,50.3,51.12,26267.0,113.0,1342899.0,26267.0,100.0,3.15,1.3,BOM500012
2017-12-14,51.0,53.55,50.15,51.0,50.64,24231.0,81.0,1227144.0,24231.0,100.0,3.4,0.0,BOM500012
2017-12-13,50.5,53.6,50.25,51.1,51.5,24565.0,67.0,1265017.0,24565.0,100.0,3.35,0.6,BOM500012
2017-12-12,52.05,53.0,50.55,51.4,51.49,15159.0,75.0,780543.0,15159.0,100.0,2.45,-0.65,BOM500012
2017-12-11,54.0,54.0,51.6,52.0,52.68,47079.0,88.0,2479910.0,47079.0,100.0,2.4,-2.0,BOM500012
2017-12-08,49.35,54.2,49.35,53.7,53.36,58077.0,139.0,3098925.0,58077.0,100.0,4.85,4.35,BOM500012
2017-12-07,51.0,53.7,51.0,51.85,52.83,29048.0,77.0,1534709.0,29048.0,100.0,2.7,0.85,BOM500012
2017-12-06,55.7,55.7,51.55,52.5,52.49,39593.0,63.0,2078236.0,39593.0,100.0,4.15,-3.2,BOM500012
2017-12-05,54.0,54.8,52.3,53.05,53.33,69882.0,139.0,3726586.0,69882.0,100.0,2.5,-0.95,BOM500012
2017-12-04,53.7,55.3,53.5,53.9,54.25,63869.0,156.0,3464741.0,63869.0,100.0,1.8,0.2,BOM500012
2017-12-01,52.0,54.2,50.25,53.7,53.91,134474.0,316.0,7250002.0,134474.0,100.0,3.95,1.7,BOM500012
2017-11-30,51.55,52.0,49.5,51.65,51.3,69048.0,177.0,3541956.0,69048.0,100.0,2.5,0.1,BOM500012
2017-11-29,49.7,49.95,49.0,49.55,49.44,25139.0,79.0,1242791.0,25139.0,100.0,0.95,-0.15,BOM500012
2017-11-28,51.0,51.0,48.25,49.1,49.92,48578.0,115.0,2424812.0,48578.0,100.0,2.75,-1.9,BOM500012
2017-11-27,50.5,51.95,50.1,50.4,50.59,77172.0,160.0,3904397.0,77172.0,100.0,1.85,-0.1,BOM500012
2017-11-24,50.0,52.25,49.5,50.25,50.25,59384.0,157.0,2984155.0,59384.0,100.0,2.75,0.25,BOM500012
2017-11-23,50.2,51.9,49.8,49.95,50.37,54825.0,131.0,2761535.0,54825.0,100.0,2.1,-0.25,BOM500012
2017-11-22,52.0,52.2,50.0,50.65,50.95,31985.0,88.0,1629695.0,31985.0,100.0,2.2,-1.35,BOM500012
2017-11-21,50.05,52.4,50.05,52.2,51.46,56218.0,122.0,2893057.0,56218.0,100.0,2.35,2.15,BOM500012
2017-11-20,50.2,52.9,49.8,51.45,52.07,74379.0,200.0,3872783.0,74379.0,100.0,3.1,1.25,BOM500012
2017-11-17,49.1,52.6,49.1,50.4,51.49,75135.0,180.0,3868555.0,75135.0,100.0,3.5,1.3,BOM500012
2017-11-16,48.5,51.9,48.2,50.15,49.06,83032.0,188.0,4073661.0,83032.0,100.0,3.7,1.65,BOM500012
2017-11-15,51.0,51.25,50.7,50.7,50.74,112471.0,247.0,5706765.0,112471.0,100.0,0.55,-0.3,BOM500012
2017-11-14,54.5,56.0,53.35,53.35,53.48,85002.0,219.0,4545775.0,85002.0,100.0,2.65,-1.15,BOM500012
2017-11-13,56.9,57.1,54.0,56.15,56.18,189036.0,539.0,10620183.0,189036.0,100.0,3.1,-0.75,BOM500012
2017-11-10,54.4,54.4,52.0,54.4,53.77,455178.0,776.0,24474345.0,455178.0,100.0,2.4,0.0,BOM500012
2017-11-09,54.4,54.4,52.8,54.4,54.39,797404.0,629.0,43370024.0,797404.0,100.0,1.6,0.0,BOM500012
2017-11-08,52.4,52.4,52.4,52.4,52.4,145151.0,136.0,7605912.0,145151.0,100.0,0.0,0.0,BOM500012
2017-11-07,49.95,49.95,49.95,49.95,49.95,117158.0,134.0,5852042.0,117158.0,100.0,0.0,0.0,BOM500012
2017-11-06,47.6,47.6,47.6,47.6,47.6,88326.0,104.0,4204317.0,88326.0,100.0,0.0,0.0,BOM500012
2017-11-03,45.5,47.7,44.5,45.35,45.85,82055.0,273.0,3761824.0,82055.0,100.0,3.2,-0.15,BOM500012
2017-11-02,46.45,46.45,44.5,45.5,45.96,123305.0,389.0,5667417.0,123305.0,100.0,1.95,-0.95,BOM500012
2017-11-01,43.0,44.25,42.9,44.25,44.16,77011.0,253.0,3400547.0,77011.0,100.0,1.35,1.25,BOM500012
2017-10-31,41.0,42.15,40.2,42.15,41.8,58653.0,173.0,2451430.0,58653.0,100.0,1.95,1.15,BOM500012
2017-10-30,40.0,41.25,39.2,40.15,40.27,46830.0,142.0,1885719.0,46830.0,100.0,2.05,0.15,BOM500012
2017-10-27,41.0,41.0,38.1,39.75,39.48,52939.0,169.0,2090030.0,52939.0,100.0,2.9,-1.25,BOM500012
2017-10-26,40.7,40.7,38.5,39.75,39.41,29540.0,101.0,1164133.0,29540.0,100.0,2.2,-0.95,BOM500012
2017-10-25,40.0,41.9,38.35,40.3,40.19,43948.0,174.0,1766335.0,43948.0,100.0,3.55,0.3,BOM500012
2017-10-24,39.75,41.2,38.15,40.3,40.17,25076.0,104.0,1007182.0,25076.0,100.0,3.05,0.55,BOM500012
2017-10-23,40.5,40.5,38.0,39.75,39.3,32941.0,91.0,1294676.0,32941.0,100.0,2.5,-0.75,BOM500012
2017-10-19,39.0,39.1,37.5,38.8,38.82,13018.0,47.0,505355.0,13018.0,100.0,1.6,-0.2,BOM500012
2017-10-18,36.25,38.9,36.0,37.9,37.52,21844.0,66.0,819497.0,21844.0,100.0,2.9,1.65,BOM500012
2017-10-17,36.6,37.75,36.3,37.4,37.12,21387.0,96.0,793954.0,21387.0,100.0,1.45,0.8,BOM500012
2017-10-16,39.1,40.0,37.95,38.15,38.49,48841.0,184.0,1879814.0,48841.0,100.0,2.05,-0.95,BOM500012
2017-10-13,42.0,43.2,39.1,39.9,40.79,60543.0,219.0,2469267.0,60543.0,100.0,4.1,-2.1,BOM500012
2017-10-12,43.0,43.5,40.85,41.15,41.29,37590.0,123.0,1552162.0,37590.0,100.0,2.65,-1.85,BOM500012
2017-10-11,46.0,46.0,42.45,42.95,43.87,131973.0,308.0,5789180.0,131973.0,100.0,3.55,-3.05,BOM500012
2017-10-10,45.0,45.25,43.2,44.65,44.74,206288.0,549.0,9229292.0,206288.0,100.0,2.05,-0.35,BOM500012
2017-10-09,42.95,43.1,42.0,43.1,43.08,91816.0,176.0,3955672.0,91816.0,100.0,1.1,0.15,BOM500012
2017-10-06,40.95,41.05,40.1,41.05,40.99,103479.0,230.0,4241827.0,103479.0,100.0,0.95,0.1,BOM500012
2017-10-05,36.0,39.1,36.0,39.1,38.83,67726.0,157.0,2629919.0,67726.0,100.0,3.1,3.1,BOM500012
2017-10-04,35.5,37.9,35.15,37.25,36.71,34843.0,126.0,1279115.0,34843.0,100.0,2.75,1.75,BOM500012
2017-10-03,36.4,37.5,36.1,36.95,36.65,27882.0,89.0,1021988.0,27882.0,100.0,1.4,0.55,BOM500012
2017-09-29,35.7,38.0,35.1,36.4,36.56,35008.0,104.0,1279991.0,35008.0,100.0,2.9,0.7,BOM500012
2017-09-28,38.95,38.95,36.0,36.7,36.79,37132.0,107.0,1366178.0,37132.0,100.0,2.95,-2.25,BOM500012
2017-09-27,39.0,39.9,37.05,37.25,38.8,75309.0,208.0,2922038.0,75309.0,100.0,2.85,-1.75,BOM500012
2017-09-26,36.5,39.0,36.5,38.2,37.17,43268.0,174.0,1608090.0,43268.0,100.0,2.5,1.7,BOM500012
2017-09-25,41.85,41.85,38.3,38.3,38.36,53078.0,131.0,2036093.0,53078.0,100.0,3.55,-3.55,BOM500012
2017-09-22,40.0,41.0,40.0,40.3,40.58,252968.0,629.0,10264315.0,252968.0,100.0,1.0,0.3,BOM500012
2017-09-21,39.15,39.15,39.0,39.15,39.15,151338.0,275.0,5924330.0,151338.0,100.0,0.15,0.0,BOM500012
2017-09-20,35.5,37.3,35.5,37.3,37.14,114205.0,313.0,4241045.0,114205.0,100.0,1.8,1.8,BOM500012
2017-09-19,36.0,36.0,35.0,35.55,35.49,50869.0,143.0,1805449.0,50869.0,100.0,1.0,-0.45,BOM500012
2017-09-18,36.0,36.5,34.75,35.95,35.73,71163.0,206.0,2542681.0,71163.0,100.0,1.75,-0.05,BOM500012
2017-09-15,36.4,36.7,35.1,36.05,36.07,49375.0,185.0,1781015.0,49375.0,100.0,1.6,-0.35,BOM500012
2017-09-14,35.0,36.4,34.45,36.05,35.61,93528.0,260.0,3330538.0,93528.0,100.0,1.95,1.05,BOM500012
2017-09-13,35.4,35.5,34.85,35.2,35.14,92898.0,221.0,3264353.0,92898.0,100.0,0.65,-0.2,BOM500012
2017-09-12,35.0,36.0,33.9,34.15,34.63,65140.0,215.0,2255978.0,65140.0,100.0,2.1,-0.85,BOM500012
2017-09-11,35.6,35.65,34.0,34.75,34.52,93979.0,284.0,3243982.0,93979.0,100.0,1.65,-0.85,BOM500012
2017-09-08,33.5,34.7,32.5,34.65,34.23,241946.0,605.0,8282263.0,241946.0,100.0,2.2,1.15,BOM500012
2017-09-07,33.05,33.05,32.25,33.05,33.03,174957.0,308.0,5778425.0,174957.0,100.0,0.8,0.0,BOM500012
2017-09-06,30.95,31.5,29.5,31.5,31.15,50323.0,155.0,1567367.0,50323.0,100.0,2.0,0.55,BOM500012
2017-09-05,29.8,30.35,28.9,30.0,30.12,34334.0,84.0,1034049.0,34334.0,100.0,1.45,0.2,BOM500012
2017-09-04,28.85,30.4,28.85,29.8,30.0,46497.0,116.0,1395078.0,46497.0,100.0,1.55,0.95,BOM500012
2017-09-01,30.0,30.0,29.0,29.55,29.46,27230.0,107.0,802215.0,27230.0,100.0,1.0,-0.45,BOM500012
2017-08-31,29.9,30.8,29.45,29.6,30.02,39872.0,112.0,1197055.0,39872.0,100.0,1.35,-0.3,BOM500012
2017-08-30,31.1,31.4,30.25,30.6,30.65,21378.0,99.0,655224.0,18395.0,86.05,1.15,-0.5,BOM500012
2017-08-29,31.4,31.6,30.0,30.5,30.86,20683.0,88.0,638257.0,16012.0,77.42,1.6,-0.9,BOM500012
2017-08-28,32.05,32.05,31.25,31.35,31.77,58889.0,186.0,1870668.0,49281.0,83.68,0.8,-0.7,BOM500012
2017-08-24,32.0,32.45,31.15,32.05,31.82,137986.0,371.0,4390852.0,113780.0,82.46,1.3,0.05,BOM500012
2017-08-23,30.5,32.5,30.0,31.75,31.83,247719.0,637.0,7884744.0,207920.0,83.93,2.5,1.25,BOM500012
2017-08-22,29.2,31.0,28.0,30.3,29.67,137376.0,365.0,4076625.0,128807.0,93.76,3.0,1.1,BOM500012
2017-08-21,27.5,29.15,26.75,28.85,28.29,128502.0,282.0,3635058.0,104906.0,81.64,2.4,1.35,BOM500012
2017-08-18,27.0,27.5,26.75,27.05,27.09,34752.0,93.0,941597.0,27899.0,80.28,0.75,0.05,BOM500012
2017-08-17,27.95,27.95,27.5,27.6,27.63,64321.0,165.0,1777279.0,52856.0,82.18,0.45,-0.35,BOM500012
2017-08-16,27.6,28.2,27.3,27.65,27.79,26452.0,141.0,735208.0,16689.0,63.09,0.9,0.05,BOM500012
2017-08-14,25.5,28.5,24.2,28.3,27.67,172724.0,453.0,4779182.0,131735.0,76.27,4.3,2.8,BOM500012
2017-08-11,24.9,24.9,22.9,24.1,23.93,46695.0,121.0,1117181.0,36142.0,77.4,2.0,-0.8,BOM500012
2017-08-10,25.65,26.5,24.0,24.9,25.39,59902.0,138.0,1520677.0,50031.0,83.52,2.5,-0.75,BOM500012
2017-08-09,25.65,27.1,25.5,25.6,25.88,26871.0,84.0,695303.0,19741.0,73.47,1.6,-0.05,BOM500012
2017-08-08,26.6,27.4,25.7,26.5,26.43,70513.0,125.0,1863894.0,59159.0,83.9,1.7,-0.1,BOM500012
2017-08-07,28.4,28.7,26.6,26.75,27.4,60934.0,229.0,1669598.0,48475.0,79.55,2.1,-1.65,BOM500012
2017-08-04,25.05,27.0,23.5,26.95,26.3,43423.0,108.0,1142168.0,39598.0,91.19,3.5,1.9,BOM500012
2017-08-03,26.0,26.0,25.1,25.25,25.44,34537.0,88.0,878534.0,31177.0,90.27,0.9,-0.75,BOM500012
2017-08-02,26.45,26.5,26.0,26.05,26.18,22477.0,71.0,588408.0,19367.0,86.16,0.5,-0.4,BOM500012
2017-08-01,27.25,27.25,26.15,26.3,26.66,35991.0,82.0,959476.0,32853.0,91.28,1.1,-0.95,BOM500012
2017-07-31,27.5,27.5,26.55,26.8,26.89,48618.0,73.0,1307482.0,41987.0,86.36,0.95,-0.7,BOM500012
2017-07-28,26.0,26.8,26.0,26.6,26.43,14393.0,50.0,380340.0,11347.0,78.84,0.8,0.6,BOM500012
2017-07-27,26.3,27.25,26.3,26.8,26.97,55746.0,121.0,1503509.0,42451.0,76.15,0.95,0.5,BOM500012
2017-07-26,27.5,27.5,26.6,27.0,26.99,27784.0,93.0,749835.0,21866.0,78.7,0.9,-0.5,BOM500012
2017-07-25,27.25,27.6,27.05,27.2,27.18,49427.0,118.0,1343529.0,45877.0,92.82,0.55,-0.05,BOM500012
2017-07-24,26.75,27.25,26.75,27.15,27.04,69576.0,185.0,1881288.0,57396.0,82.49,0.5,0.4,BOM500012
2017-07-21,25.75,26.35,25.2,26.0,25.97,37946.0,100.0,985382.0,31848.0,83.93,1.15,0.25,BOM500012
2017-07-20,26.0,26.15,25.8,26.1,26.04,22035.0,68.0,573819.0,17463.0,79.25,0.35,0.1,BOM500012
2017-07-19,24.55,26.05,24.55,25.85,25.45,40519.0,130.0,1031291.0,33287.0,82.15,1.5,1.3,BOM500012
2017-07-18,26.0,27.0,23.5,24.5,24.86,297549.0,548.0,7396715.0,212537.0,71.43,3.5,-1.5,BOM500012
2017-07-17,24.9,27.5,24.9,26.25,26.32,45460.0,100.0,1196572.0,40764.0,89.67,2.6,1.35,BOM500012
2017-07-14,27.0,27.25,26.4,26.5,26.56,19427.0,93.0,515987.0,14895.0,76.67,0.85,-0.5,BOM500012
2017-07-13,27.0,27.3,26.8,27.0,27.05,39915.0,102.0,1079750.0,34081.0,85.38,0.5,0.0,BOM500012
2017-07-12,27.5,27.5,26.9,26.95,27.02,27442.0,96.0,741406.0,18950.0,69.05,0.6,-0.55,BOM500012
2017-07-11,27.1,27.9,26.85,27.2,27.41,34276.0,105.0,939630.0,24917.0,72.7,1.05,0.1,BOM500012
2017-07-10,28.0,28.0,27.0,27.65,27.47,20252.0,80.0,556231.0,14952.0,73.83,1.0,-0.35,BOM500012
2017-07-07,27.05,27.6,26.3,27.1,26.98,41499.0,131.0,1119621.0,30557.0,73.63,1.3,0.05,BOM500012
2017-07-06,28.0,28.0,26.75,27.5,27.33,43027.0,121.0,1176136.0,34055.0,79.15,1.25,-0.5,BOM500012
2017-07-05,27.0,27.9,27.0,27.55,27.57,42372.0,139.0,1168123.0,32212.0,76.02,0.9,0.55,BOM500012
2017-07-04,25.9,27.45,25.2,27.15,26.68,62191.0,239.0,1659238.0,50853.0,81.77,2.25,1.25,BOM500012
2017-07-03,24.0,25.9,24.0,25.5,25.19,49157.0,163.0,1238285.0,38754.0,78.84,1.9,1.5,BOM500012
2017-06-30,25.15,25.15,23.75,24.25,24.03,35725.0,110.0,858649.0,26182.0,73.29,1.4,-0.9,BOM500012
2017-06-29,25.25,25.25,23.75,24.9,24.83,23543.0,98.0,584604.0,18161.0,77.14,1.5,-0.35,BOM500012
2017-06-28,24.75,26.0,23.9,24.05,24.4,66771.0,190.0,1629044.0,50401.0,75.48,2.1,-0.7,BOM500012
2017-06-27,25.65,26.0,24.75,25.3,25.22,28949.0,77.0,730209.0,22699.0,78.41,1.25,-0.35,BOM500012
2017-06-23,25.7,26.0,25.5,25.55,25.86,36261.0,86.0,937735.0,31168.0,85.95,0.5,-0.15,BOM500012
2017-06-22,25.65,26.45,25.65,26.0,26.12,25811.0,100.0,674138.0,18201.0,70.52,0.8,0.35,BOM500012
2017-06-21,26.45,26.8,25.35,26.15,25.87,39278.0,135.0,1016134.0,25046.0,63.77,1.45,-0.3,BOM500012
2017-06-20,26.15,27.0,26.0,26.55,26.35,30619.0,111.0,806867.0,17111.0,55.88,1.0,0.4,BOM500012
2017-06-19,26.5,27.75,26.3,26.5,26.83,9733.0,56.0,261158.0,8443.0,86.75,1.45,0.0,BOM500012
2017-06-16,26.55,27.45,26.55,27.15,27.09,12742.0,58.0,345172.0,9317.0,73.12,0.9,0.6,BOM500012
2017-06-15,26.6,27.2,26.0,27.1,26.71,47582.0,139.0,1271053.0,29274.0,61.52,1.2,0.5,BOM500012
2017-06-14,27.2,27.35,26.75,27.2,27.05,9992.0,60.0,270285.0,7491.0,74.97,0.6,0.0,BOM500012
2017-06-13,26.9,27.4,26.55,27.15,26.94,31172.0,126.0,839661.0,24064.0,77.2,0.85,0.25,BOM500012
2017-06-12,27.0,27.0,25.6,26.5,26.26,27601.0,111.0,724692.0,20061.0,72.68,1.4,-0.5,BOM500012
2017-06-09,26.85,26.85,25.25,26.15,26.1,42435.0,132.0,1107670.0,28882.0,68.06,1.6,-0.7,BOM500012
2017-06-08,27.3,27.3,25.6,26.35,26.24,47770.0,120.0,1253272.0,38192.0,79.95,1.7,-0.95,BOM500012
2017-06-07,27.3,27.3,26.4,26.7,26.85,31154.0,147.0,836348.0,22565.0,72.43,0.9,-0.6,BOM500012
2017-06-06,27.0,27.95,26.95,27.85,27.24,25541.0,78.0,695744.0,21169.0,82.88,1.0,0.85,BOM500012
2017-06-05,26.5,27.5,26.5,27.35,27.16,18049.0,93.0,490250.0,14819.0,82.1,1.0,0.85,BOM500012
2017-06-02,27.75,27.75,26.0,27.0,26.64,23453.0,127.0,624712.0,14583.0,62.18,1.75,-0.75,BOM500012
2017-06-01,25.35,26.9,25.35,26.55,26.1,20411.0,131.0,532771.0,15960.0,78.19,1.55,1.2,BOM500012
2017-05-31,25.7,26.25,25.05,26.05,25.72,41823.0,231.0,1075552.0,29121.0,69.63,1.2,0.35,BOM500012
2017-05-30,24.9,26.1,24.2,25.4,24.96,47847.0,246.0,1194175.0,31512.0,65.86,1.9,0.5,BOM500012
2017-05-29,26.0,26.2,25.1,25.2,25.56,49048.0,164.0,1253501.0,36593.0,74.61,1.1,-0.8,BOM500012
2017-05-26,26.65,27.0,25.5,26.1,26.03,37069.0,168.0,964878.0,27451.0,74.05,1.5,-0.55,BOM500012
2017-05-25,25.15,26.75,25.15,26.35,25.87,20825.0,157.0,538807.0,15257.0,73.26,1.6,1.2,BOM500012
2017-05-24,26.5,27.0,25.0,25.1,25.43,46180.0,181.0,1174277.0,33588.0,72.73,2.0,-1.4,BOM500012
2017-05-23,26.75,28.4,25.0,25.8,26.37,124471.0,403.0,3281910.0,75153.0,60.38,3.4,-0.95,BOM500012
2017-05-22,27.1,28.5,27.1,27.7,27.45,27262.0,108.0,748223.0,19569.0,71.78,1.4,0.6,BOM500012
2017-05-19,28.65,28.7,27.5,27.65,27.8,17870.0,110.0,496717.0,9943.0,55.64,1.2,-1.0,BOM500012
2017-05-18,27.7,28.75,27.1,28.05,28.1,69337.0,242.0,1948208.0,51122.0,73.73,1.65,0.35,BOM500012
2017-05-17,28.0,28.0,27.0,27.1,27.3,45817.0,220.0,1250926.0,28620.0,62.47,1.0,-0.9,BOM500012
2017-05-16,28.5,28.5,27.75,27.95,28.0,38064.0,121.0,1065619.0,27273.0,71.65,0.75,-0.55,BOM500012
2017-05-15,29.15,29.2,27.7,28.1,28.11,80847.0,252.0,2272635.0,57879.0,71.59,1.5,-1.05,BOM500012
2017-05-12,29.2,29.2,27.7,28.4,28.33,48116.0,149.0,1363166.0,35123.0,73.0,1.5,-0.8,BOM500012
2017-05-11,29.0,29.2,28.4,28.7,28.76,35121.0,133.0,1009988.0,23844.0,67.89,0.8,-0.3,BOM500012
2017-05-10,29.1,29.45,28.05,28.85,28.66,53045.0,178.0,1520166.0,39285.0,74.06,1.4,-0.25,BOM500012
2017-05-09,30.25,31.0,27.0,28.3,28.19,354779.0,661.0,10001454.0,168210.0,47.41,4.0,-1.95,BOM500012
2017-05-08,31.0,31.0,29.95,30.25,30.24,29199.0,117.0,882833.0,21178.0,72.53,1.05,-0.75,BOM500012
2017-05-05,30.75,30.75,29.85,30.15,30.11,69882.0,187.0,2104439.0,48028.0,68.73,0.9,-0.6,BOM500012
2017-05-04,30.95,31.45,30.2,30.45,30.65,44870.0,166.0,1375050.0,34855.0,77.68,1.25,-0.5,BOM500012
2017-05-03,31.5,31.5,30.55,30.75,30.86,29911.0,114.0,923086.0,22811.0,76.26,0.95,-0.75,BOM500012
2017-05-02,30.8,32.0,29.7,31.0,31.02,87785.0,284.0,2722848.0,69173.0,78.8,2.3,0.2,BOM500012
2017-04-28,30.0,31.0,29.5,30.0,30.1,60046.0,197.0,1807479.0,42523.0,70.82,1.5,0.0,BOM500012
2017-04-27,30.6,30.6,29.6,29.8,29.89,41937.0,204.0,1253611.0,28089.0,66.98,1.0,-0.8,BOM500012
2017-04-26,31.2,31.9,30.3,30.45,30.87,77080.0,298.0,2379419.0,59919.0,77.74,1.6,-0.75,BOM500012
2017-04-25,31.45,32.4,31.1,31.5,31.61,49193.0,187.0,1555149.0,36614.0,74.43,1.3,0.05,BOM500012
2017-04-24,32.0,32.5,31.05,32.05,32.13,120798.0,269.0,3881502.0,101162.0,83.74,1.45,0.05,BOM500012
2017-04-21,32.0,32.9,31.1,31.6,31.85,70977.0,184.0,2260690.0,58918.0,83.01,1.8,-0.4,BOM500012
2017-04-20,30.2,32.2,30.1,32.0,31.73,57365.0,251.0,1820021.0,42992.0,74.94,2.1,1.8,BOM500012
2017-04-19,31.9,31.9,29.3,30.25,30.13,47635.0,198.0,1435431.0,36301.0,76.21,2.6,-1.65,BOM500012
2017-04-18,32.45,32.9,30.5,30.7,31.53,107677.0,335.0,3395060.0,88295.0,82.0,2.4,-1.75,BOM500012
2017-04-17,33.2,33.5,32.25,32.5,32.84,101437.0,310.0,3330869.0,71960.0,70.94,1.25,-0.7,BOM500012
2017-04-13,31.1,34.5,31.1,32.5,32.74,302613.0,883.0,9908618.0,227626.0,75.22,3.4,1.4,BOM500012
2017-04-12,30.95,31.45,29.7,30.75,30.31,146614.0,448.0,4443895.0,101883.0,69.49,1.75,-0.2,BOM500012
2017-04-11,32.9,33.9,29.7,30.8,31.3,223358.0,788.0,6991632.0,174803.0,78.26,4.2,-2.1,BOM500012
2017-04-10,30.95,33.4,30.95,33.0,32.44,278966.0,864.0,9048379.0,217927.0,78.12,2.45,2.05,BOM500012
2017-04-07,29.7,30.75,29.0,29.85,30.23,224726.0,467.0,6793995.0,173677.0,77.28,1.75,0.15,BOM500012
2017-04-06,27.6,29.75,27.5,29.4,29.01,277282.0,704.0,8045300.0,207145.0,74.71,2.25,1.8,BOM500012
2017-04-05,25.25,27.7,25.25,27.45,27.07,121370.0,395.0,3284919.0,93965.0,77.42,2.45,2.2,BOM500012
2017-04-03,25.4,25.9,24.25,25.45,25.37,35603.0,123.0,903383.0,26699.0,74.99,1.65,0.05,BOM500012
2017-03-31,23.9,26.2,23.9,25.45,25.54,44770.0,109.0,1143527.0,35757.0,79.87,2.3,1.55,BOM500012
2017-03-30,25.35,25.8,25.0,25.2,25.28,46900.0,129.0,1185826.0,35586.0,75.88,0.8,-0.15,BOM500012
2017-03-29,26.3,26.3,25.0,25.35,25.46,70178.0,229.0,1786699.0,49355.0,70.33,1.3,-0.95,BOM500012
2017-03-28,25.05,26.25,25.0,25.8,25.73,70779.0,248.0,1821411.0,54034.0,76.34,1.25,0.75,BOM500012
2017-03-27,26.4,26.4,25.1,25.15,25.21,60495.0,148.0,1525307.0,54110.0,89.45,1.3,-1.25,BOM500012
2017-03-24,25.5,26.2,25.3,25.45,25.62,71312.0,227.0,1827270.0,59790.0,83.84,0.9,-0.05,BOM500012
2017-03-23,26.05,27.0,25.3,26.2,26.32,31589.0,122.0,831369.0,20317.0,64.32,1.7,0.15,BOM500012
2017-03-22,26.75,27.3,25.0,26.2,26.45,38314.0,161.0,1013284.0,28969.0,75.61,2.3,-0.55,BOM500012
2017-03-21,27.4,27.7,27.0,27.45,27.33,62405.0,179.0,1705379.0,51172.0,82.0,0.7,0.05,BOM500012
2017-03-20,27.0,27.25,26.75,27.0,27.06,23925.0,112.0,647297.0,20432.0,85.4,0.5,0.0,BOM500012
2017-03-17,27.8,28.0,26.65,27.1,27.42,37264.0,157.0,1021963.0,25083.0,67.31,1.35,-0.7,BOM500012
2017-03-16,27.5,27.5,26.65,27.25,27.1,65183.0,168.0,1766258.0,52975.0,81.27,0.85,-0.25,BOM500012
2017-03-15,26.25,27.25,25.9,26.9,26.52,60705.0,255.0,1609938.0,38573.0,63.54,1.35,0.65,BOM500012
2017-03-14,26.7,26.7,25.3,25.9,25.68,23440.0,90.0,601847.0,15458.0,65.95,1.4,-0.8,BOM500012
2017-03-10,25.7,26.6,25.5,26.2,25.78,33264.0,105.0,857613.0,28091.0,84.45,1.1,0.5,BOM500012
2017-03-09,26.6,26.6,25.25,25.75,25.51,42003.0,146.0,1071452.0,27487.0,65.44,1.35,-0.85,BOM500012
2017-03-08,26.25,26.4,25.3,25.8,25.69,43486.0,136.0,1117016.0,33531.0,77.11,1.1,-0.45,BOM500012
2017-03-07,26.6,26.8,26.25,26.3,26.42,12469.0,71.0,329372.0,10659.0,85.48,0.55,-0.3,BOM500012
2017-03-06,27.0,27.7,26.5,26.6,26.87,28058.0,117.0,753957.0,19679.0,70.14,1.2,-0.4,BOM500012
2017-03-03,27.2,27.45,26.0,26.9,26.76,61663.0,168.0,1650073.0,41661.0,67.56,1.45,-0.3,BOM500012
2017-03-02,28.5,28.5,27.0,27.15,27.61,52685.0,191.0,1454473.0,42400.0,80.48,1.5,-1.35,BOM500012
2017-03-01,27.5,28.7,27.0,28.3,28.05,238763.0,331.0,6698015.0,193691.0,81.12,1.7,0.8,BOM500012
2017-02-28,26.8,27.75,26.8,27.35,27.41,72612.0,194.0,1990291.0,51658.0,71.14,0.95,0.55,BOM500012
2017-02-27,26.95,27.3,26.6,26.9,26.88,30705.0,100.0,825210.0,21705.0,70.69,0.7,-0.05,BOM500012
2017-02-23,27.0,27.8,26.8,26.95,26.97,38714.0,91.0,1044192.0,28567.0,73.79,1.0,-0.05,BOM500012
2017-02-22,27.5,27.7,26.5,26.95,27.08,46664.0,149.0,1263701.0,33027.0,70.78,1.2,-0.55,BOM500012
2017-02-21,27.0,27.35,26.3,27.05,26.81,28905.0,97.0,775063.0,22236.0,76.93,1.05,0.05,BOM500012
2017-02-20,27.0,27.25,26.0,27.0,26.65,37274.0,148.0,993493.0,27979.0,75.06,1.25,0.0,BOM500012
2017-02-17,27.65,27.65,26.5,27.0,26.87,46425.0,190.0,1247288.0,27918.0,60.14,1.15,-0.65,BOM500012
2017-02-16,27.4,27.4,25.1,26.85,26.23,55232.0,257.0,1448854.0,34124.0,61.78,2.3,-0.55,BOM500012
2017-02-15,29.0,29.0,25.75,26.15,27.49,77441.0,277.0,2129215.0,60329.0,77.9,3.25,-2.85,BOM500012
2017-02-14,28.25,28.9,27.65,28.6,28.47,345801.0,747.0,9845513.0,274964.0,79.52,1.25,0.35,BOM500012
2017-02-13,26.95,26.95,26.95,26.95,26.95,101516.0,197.0,2735856.0,96681.0,95.24,0.0,0.0,BOM500012
2017-02-10,25.5,25.5,24.05,24.5,24.5,44922.0,111.0,1100444.0,38969.0,86.75,1.45,-1.0,BOM500012
2017-02-09,24.6,24.75,24.3,24.65,24.56,26843.0,106.0,659308.0,22163.0,82.57,0.45,0.05,BOM500012
2017-02-08,23.8,24.9,23.8,24.75,24.54,18344.0,85.0,450151.0,15131.0,82.48,1.1,0.95,BOM500012
2017-02-07,25.0,25.0,24.0,24.6,24.45,52139.0,134.0,1274654.0,41016.0,78.67,1.0,-0.4,BOM500012
2017-02-06,24.0,25.0,23.2,24.05,23.79,71430.0,215.0,1699191.0,56641.0,79.3,1.8,0.05,BOM500012
2017-02-03,25.0,26.0,23.9,24.15,24.51,53662.0,182.0,1315367.0,43109.0,80.33,2.1,-0.85,BOM500012
2017-02-02,25.0,26.0,24.9,25.05,25.16,36961.0,178.0,929895.0,25986.0,70.31,1.1,0.05,BOM500012
2017-02-01,26.2,26.2,24.3,25.05,25.08,19003.0,93.0,476565.0,16750.0,88.14,1.9,-1.15,BOM500012
2017-01-31,26.55,26.55,25.05,25.55,25.51,86244.0,177.0,2199821.0,70135.0,81.32,1.5,-1.0,BOM500012
2017-01-30,26.0,26.5,25.5,26.35,26.2,120829.0,198.0,3165797.0,109828.0,90.9,1.0,0.35,BOM500012
2017-01-27,25.9,26.25,25.0,25.7,25.56,65547.0,185.0,1675599.0,48800.0,74.45,1.25,-0.2,BOM500012
2017-01-25,26.5,26.6,25.15,25.45,25.4,25845.0,156.0,656433.0,17865.0,69.12,1.45,-1.05,BOM500012
2017-01-24,26.4,26.4,25.25,25.8,25.93,66804.0,190.0,1731906.0,49377.0,73.91,1.15,-0.6,BOM500012
2017-01-23,25.95,26.65,25.35,25.65,26.02,34144.0,124.0,888428.0,27152.0,79.52,1.3,-0.3,BOM500012
2017-01-20,26.5,26.7,25.95,26.3,26.37,51904.0,176.0,1368879.0,42586.0,82.05,0.75,-0.2,BOM500012
2017-01-19,26.9,26.9,25.65,26.5,26.42,97350.0,204.0,2572257.0,80747.0,82.95,1.25,-0.4,BOM500012
2017-01-18,26.1,26.6,25.4,26.45,26.37,105326.0,196.0,2777418.0,81799.0,77.66,1.2,0.35,BOM500012
2017-01-17,25.9,26.15,25.1,25.95,25.75,85223.0,168.0,2194851.0,63524.0,74.54,1.05,0.05,BOM500012
2017-01-16,25.5,26.0,24.75,25.55,25.65,62259.0,136.0,1597074.0,51962.0,83.46,1.25,0.05,BOM500012
2017-01-13,26.4,26.4,25.1,25.75,25.55,41905.0,187.0,1070875.0,29431.0,70.23,1.3,-0.65,BOM500012
2017-01-12,26.35,26.6,25.75,25.85,25.98,104737.0,191.0,2721400.0,80806.0,77.15,0.85,-0.5,BOM500012
2017-01-11,26.75,26.75,25.1,26.4,26.11,159176.0,455.0,4156118.0,94905.0,59.62,1.65,-0.35,BOM500012
2017-01-10,26.0,26.35,25.05,26.35,25.94,193584.0,473.0,5021175.0,112694.0,58.21,1.3,0.35,BOM500012
2017-01-09,24.95,25.6,24.05,25.1,24.78,111966.0,441.0,2774111.0,79762.0,71.24,1.55,0.15,BOM500012
2017-01-06,24.9,25.0,23.0,24.95,24.44,167102.0,464.0,4083835.0,118287.0,70.79,2.0,0.05,BOM500012
2017-01-05,23.7,23.85,22.9,23.85,23.7,53309.0,140.0,1263400.0,39329.0,73.78,0.95,0.15,BOM500012
2017-01-04,22.5,22.75,21.25,22.75,22.63,58983.0,201.0,1335073.0,43833.0,74.31,1.5,0.25,BOM500012
2017-01-03,21.9,21.9,21.1,21.7,21.69,23853.0,89.0,517347.0,21459.0,89.96,0.8,-0.2,BOM500012
2017-01-02,21.9,22.0,21.5,21.6,21.74,14409.0,84.0,313189.0,11151.0,77.39,0.5,-0.3,BOM500012
